ts,open,high,low,close,volume
1623801600,24,24,22.5,23.04,731607.48
1623888000,23.04,24.004,22.002,22.553,777914.524
1623974400,22.559,22.571,20.222,21.468,1330098.09
1624060800,21.437,21.665,20.227,20.227,547034.134
1624147200,20.222,21,18.878,20.653,601282.398
1624233600,20.596,20.8,15.673,15.732,1365773.166
1624320000,15.726,22.8,13.15,14.676,2995484.869
1624406400,14.715,16.842,14,15.813,2036329.839
1624492800,15.813,16.606,14.737,16.224,1155981.42
1624579200,16.22,16.731,14.419,14.434,1190915.644
1624665600,14.433,14.987,13.705,14.677,1006464.295
1624752000,14.68,15.2,14.077,15.014,845818.234
1624838400,15.027,16.038,14.602,15.786,1367247.335
1624924800,15.806,17.112,15.72,16.255,1674870.891
1625011200,16.305,16.636,15.097,16.416,1172400.684
1625097600,16.42,16.42,14.85,15.202,954947.584
1625184000,15.188,15.459,14.63,15.295,738167.921
1625270400,15.3,15.756,14.99,15.53,480326.707
1625356800,15.53,16.58,15.17,15.974,690420.012
1625443200,15.972,15.983,14.755,15.239,738731.255
1625529600,15.248,16.231,15.199,16.144,926262.027
1625616000,16.128,17.677,16.083,16.853,1894698.013
1625702400,16.837,16.916,15.001,15.32,1521815.66
1625788800,15.316,15.91,14.84,15.683,721279.887
1625875200,15.695,15.995,15.05,15.287,396697.764
1625961600,15.275,15.704,15.149,15.493,344700.405
1626048000,15.488,15.651,14.411,14.854,556254.368
1626134400,14.855,15.1,14.02,14.184,549838.253
1626220800,14.209,14.233,13.169,13.808,923940.487
1626307200,13.801,14.108,12.743,13.108,982451.262
1626393600,13.112,13.321,12.005,12.026,974652.264
1626480000,12.032,12.747,11.722,12.3,999868.767
1626566400,12.304,12.935,12.266,12.678,771950.001
1626652800,12.678,12.748,11.354,11.457,1018502.085
1626739200,11.467,11.557,10.378,10.96,1618913.699
1626825600,10.97,12.864,10.66,12.336,1853976.604
1626912000,12.343,13.374,11.801,13.175,1382718.554
1626998400,13.167,13.531,12.33,13.408,1432322.598
1627084800,13.413,14.07,13.135,13.758,1365732.116
1627171200,13.781,13.846,13.088,13.758,1057455.209
1627257600,13.758,15.3,13.658,13.926,2403351.077
1627344000,13.921,14.547,13.358,14.387,1699803.602
1627430400,14.37,14.769,13.939,14.543,1383476.266
1627516800,14.544,15.395,14.27,15.264,1439467.851
1627603200,15.264,15.86,14.428,15.812,1501381.706
1627689600,15.801,17.04,15.593,16.803,1570179.456
1627776000,16.796,19.899,16.564,18.413,3702793.656
1627862400,18.425,18.924,17.563,17.986,1735216.059
1627948800,17.987,18.538,16.812,17.436,1084497.075
1628035200,17.429,19.589,17.1,19.15,1670809.795
1628121600,19.152,19.454,17.869,19.137,1548852.237
1628208000,19.149,20.833,18.526,20.436,1355346.026
1628294400,20.436,21.697,20.017,20.972,1522210.125
1628380800,20.987,21.219,19.206,19.675,1227232.338
1628467200,19.683,21.278,18.641,20.583,1409763.135
1628553600,20.583,21.424,20.069,20.621,1814688.095
1628640000,20.623,22.472,20.55,21.354,2109535.941
1628726400,21.364,22.309,19.913,20.751,1237086.382
1628812800,20.772,22.775,20.521,22.752,1545861.948
1628899200,22.752,23.483,21.792,22.865,1246219.751
1628985600,22.862,23.356,21.853,23.179,948875.99
1629072000,23.178,25.72,22.85,24.433,2940809.639
1629158400,24.43,27.499,23.016,23.53,3926168.973
1629244800,23.539,25.187,22.5,23.875,2769231.047
1629331200,23.886,26.882,23.471,26.596,2200394.837
1629417600,26.6,28.48,26.094,28.169,2289660.975
1629504000,28.179,29.386,27.508,27.883,1622341.555
1629590400,27.871,28.747,26.529,27.69,1693529.747
1629676800,27.71,28.65,27.331,27.894,1721620.591
1629763200,27.893,28.185,24.325,25.088,2207682.159
1629849600,25.086,26.569,24.484,25.995,1821656.327
1629936000,25.985,26.408,23.471,23.932,1933525.087
1630022400,23.915,26.814,23.461,26.543,1962748.464
1630108800,26.559,26.772,25.44,25.98,1089324.031
1630195200,25.981,26.49,25.273,25.735,1230076.517
1630281600,25.725,27.596,24.328,26.03,2814095.511
1630368000,26.055,32,25.614,31.353,6604408.881
1630454400,31.356,33.882,29.618,33.2,5058796.822
1630540800,33.196,33.223,31.308,31.814,2904863.258
1630627200,31.813,34.041,31.011,33.601,3060637.38
1630713600,33.612,34.153,32.023,32.384,1866652.269
1630800000,32.425,34.797,32.01,34.454,1980645.625
1630886400,34.45,35.076,32.416,34.355,2230283.895
1630972800,34.361,35.683,22,27.965,6528203.537
1631059200,28,28.917,25.217,27.778,4910793.008
1631145600,27.784,31.88,27.007,29.842,4743556.6
1631232000,29.817,32.695,28,29.2,3517122.346
1631318400,29.178,32.097,28.274,31.57,2733793.424
1631404800,31.57,36.515,30.631,35.825,5121519.12
1631491200,35.823,38.159,31.452,34.859,7672100.211
1631577600,34.86,38.791,34.05,37.38,5528270.858
1631664000,37.382,38.045,35.553,36.456,2508198.638
1631750400,36.468,36.97,34.053,35.531,2330788.699
1631836800,35.519,36.97,32.2,33.055,2778482.053
1631923200,33.061,35.92,32.526,34.869,2624763.26
1632009600,34.858,34.887,33.05,33.853,1734371.232
1632096000,33.864,33.92,26.604,28.319,4789243.081
1632182400,28.308,30.368,25.5,26.368,4361675.707
1632268800,26.401,32.005,25.92,31.604,4219155.426
1632355200,31.602,33.624,30.379,33.425,2701680.175
1632441600,33.441,33.534,27.92,30.841,4185202.79
1632528000,30.841,32.245,29.438,29.848,2322256.371
1632614400,29.86,30.027,26.785,28.86,2802602.685
1632700800,28.83,30.254,27.59,27.752,2186507.023
1632787200,27.729,28.381,26.134,26.33,1945126.052
1632873600,26.315,28.584,26.118,27.27,2374803.459
1632960000,27.27,28.979,27.124,28.616,1601578.446
1633046400,28.627,32.341,28.505,31.953,2726540.597
1633132800,31.955,33.416,31.527,32.034,1842537.307
1633219200,32.027,32.699,31.276,32.114,1670895.207
1633305600,32.126,32.128,30.07,31.152,1658842.32
1633392000,31.179,32.159,30.565,31.4,1695192.933
1633478400,31.4,33.101,29.13,32.201,3141940.603
1633564800,32.221,35.332,30.951,33.98,3373945.386
1633651200,33.998,34.491,33.03,33.349,2338582.509
1633737600,33.379,36.909,32.992,36.325,3396753.639
1633824000,36.33,37.486,34.118,34.441,2841873.926
1633910400,34.442,36.088,33.251,34.122,2501226.84
1633996800,34.126,35.443,32.078,35.187,2858620.014
1634083200,35.181,43.355,33.61,41.68,6504657.772
1634169600,41.7,42.492,39.317,40.701,4184759.884
1634256000,40.7,44.197,39.445,43.281,4536613.05
1634342400,43.276,44.75,41.26,41.765,3209878.285
1634428800,41.768,42.864,39.56,42.11,2481893.646
1634515200,42.127,43.265,40.24,41.173,2600323.138
1634601600,41.164,41.655,40.022,41.36,2151091.405
1634688000,41.34,45.212,41.087,44.433,2508531.409
1634774400,44.438,45.531,41.904,42.847,3065219.076
1634860800,42.844,46.38,42.704,43.511,3311165.631
1634947200,43.494,44.781,43.07,43.943,1655772.175
1635033600,43.943,44.16,41.308,42.29,1911051.977
1635120000,42.287,44.781,42.116,44.542,1756514.858
1635206400,44.547,46.189,43.329,44.913,3353738.378
1635292800,44.93,45.743,38.501,40.425,4098121.772
1635379200,40.471,43.124,39.88,41.834,3504139.137
1635465600,41.821,44.376,41.6,44.183,3065825.75
1635552000,44.206,44.332,42.12,42.715,1695641.747
1635638400,42.735,43.392,41.048,42.803,2830736.096
1635724800,42.818,51.681,41.785,50.007,5464258.909
1635811200,50.032,53.384,48.092,51.713,4489253.164
1635897600,51.713,54.634,49.12,53.4,3877286.495
1635984000,53.403,55.134,52.208,53.899,2947777.762
1636070400,53.899,53.982,50.624,51.827,1989461.55
1636156800,51.826,52.474,49.034,52.098,2047031.582
1636243200,52.087,53.514,51.359,52.253,1434427.296
1636329600,52.264,53.905,51.679,53.41,1825931.59
1636416000,53.393,53.457,50.51,50.77,2002934.54
1636502400,50.788,52.021,42.341,46.797,3892757.796
1636588800,46.794,49.473,45.577,47.49,2329324.686
1636675200,47.464,47.752,44.053,45.939,2439714.914
1636761600,45.92,47.555,44.886,47.098,1230022.489
1636848000,47.098,47.859,45.043,46.404,966237.023
1636934400,46.424,47.481,44.53,44.758,1467116.383
1637020800,44.757,44.767,38.09,40.87,4453819.24
1637107200,40.869,42.791,38.56,42.778,2900525.236
1637193600,42.758,43.292,37.613,39.062,3158204.952
1637280000,39.059,42.333,38.403,41.264,2132533.632
1637366400,41.262,42.14,39.886,42.14,1172937.353
1637452800,42.141,43.656,40.656,41.976,1436092.232
1637539200,42.018,42.18,38.828,39.525,1757167.492
1637625600,39.513,41.493,38.577,40.776,1532225.493
1637712000,40.79,40.805,38.064,38.297,1799408.39
1637798400,38.297,40.964,38.059,39.469,1446436.438
1637884800,39.513,39.648,33.713,34.591,3506433.892
1637971200,34.588,35.973,34.463,35.167,1523111.889
1638057600,35.167,35.888,32.23,35.785,2242886.035
1638144000,35.789,37.586,35.443,37.146,1849733.045
1638230400,37.153,39.4,35.397,37.982,2136360.897
1638316800,37.996,38.795,36.24,36.827,3336733.3
1638403200,36.813,36.84,35.115,35.791,2200167.856
1638489600,35.79,36.883,32.55,33.71,2894480.944
1638576000,33.719,33.874,25.633,29.463,4687318.894
1638662400,29.431,29.796,26.395,28.373,3540685.619
1638748800,28.375,28.989,24.87,28.184,4880826.264
1638835200,28.184,31.517,27.744,30.551,3412921.095
1638921600,30.539,30.664,27.963,29.83,2493358.648
1639008000,29.873,30.18,26.804,26.94,2610199.858
1639094400,26.94,28.44,25.67,26.44,2602565.298
1639180800,26.43,28.21,25.81,27.82,2729161.7
1639267200,27.83,30.01,27.33,29.55,1905078.576
1639353600,29.56,29.87,25.56,25.97,3446579.235
1639440000,25.99,26.7,25,26.2,2865039.372
1639526400,26.19,28.15,24.25,27.17,3215663.816
1639612800,27.17,27.86,25.75,26.01,3050258.326
1639699200,26.02,26.21,24.17,24.66,3043653.715
1639785600,24.65,25.74,24.22,25.49,2039996.484
1639872000,25.51,25.88,24.63,24.78,1586916.123
1639958400,24.79,25.01,23.12,24.08,2571597.588
1640044800,24.08,25.6,23.73,25.17,2172561.444
1640131200,25.17,28.23,24.98,27.24,2996521.666
1640217600,27.24,29.86,26.75,29.17,2791321.031
1640304000,29.17,29.69,27.86,28.17,1593007.316
1640390400,28.18,29.21,27.98,28.86,1017359.685
1640476800,28.88,31.81,28.29,31.34,2495296.119
1640563200,31.34,32.83,30.82,30.97,1983084.378
1640649600,30.99,30.99,27.46,27.84,3530468.248
1640736000,27.85,28.96,26.5,26.81,2485644.998
1640822400,26.81,28.42,26.18,27.53,2426312.674
1640908800,27.55,28.14,26.21,26.67,2652575.292
1640995200,26.66,28.65,26.66,28.61,1604343.378
1641081600,28.62,30.63,27.83,29.7,2003380.445
1641168000,29.71,30.9,28.63,30.09,3322402.674
1641254400,30.1,30.6,28.67,28.69,2480775.938
1641340800,28.69,30.45,25.06,26.71,3065293.209
1641427200,26.71,27.42,25.48,26.71,2944998.821
1641513600,26.71,26.84,24.23,24.88,3495708.36
1641600000,24.89,25.53,23.13,24,2916917.377
1641686400,24,25.33,23.68,24.63,2095947.873
1641772800,24.63,25.23,22.42,23.72,2424300.012
1641859200,23.72,26.02,23.5,25.55,1840782.479
1641945600,25.57,27.62,25.46,27.35,1795875.941
1642032000,27.33,27.69,25.71,25.82,1219806.641
1642118400,25.8,27.91,25.55,27.77,1635402.678
1642204800,27.75,28.45,26.84,27.64,897079.682
1642291200,27.62,28.47,27.27,27.71,899826.714
1642377600,27.69,27.76,25.1,25.68,1676067.207
1642464000,25.7,26.15,24.26,25.15,1505036.898
1642550400,25.15,25.32,23.7,24.06,1310716.292
1642636800,24.07,25.61,22.85,23,1436273.885
1642723200,22.99,23.48,19.06,19.67,3957612.352
1642809600,19.66,20.18,16.22,18.26,4994948.829
1642896000,18.26,19.21,17.72,18.82,2732726.312
1642982400,18.82,18.83,15.83,18.03,4108465.128
1643068800,18.04,19.06,17.37,18.32,2398370.714
1643155200,18.32,20.05,17.54,18.09,3291248.545
1643241600,18.09,18.41,17.15,18.13,1887235.749
1643328000,18.12,18.5,17.36,18.34,1650696.285
1643414400,18.34,19.06,18.08,18.75,1241137.616
1643500800,18.74,19.02,17.81,18.16,1193153.193
1643587200,18.15,19.96,17.13,19.39,2716580.212
1643673600,19.4,20.01,19.16,19.58,2431019.645
1643760000,19.59,20.6,18.54,18.76,2171038.611
1643846400,18.78,18.97,17.97,18.93,1550301.534
1643932800,18.91,20.54,18.72,20.51,1732153.176
1644019200,20.51,22.31,20.32,21.35,1722594.167
1644105600,21.34,21.95,20.81,21.91,1003685.386
1644192000,21.93,22.72,21.42,22.37,1815787.396
1644278400,22.38,23.2,21.09,21.68,1705236.489
1644364800,21.69,22.27,21.06,21.97,1197840.103
1644451200,21.96,22.48,20.51,20.51,1572951.398
1644537600,20.51,20.75,18.58,18.99,1714048.819
1644624000,18.99,19.44,18.27,18.82,1332706.068
1644710400,18.84,19.29,18.39,18.75,1088392.176
1644796800,18.75,18.95,18.03,18.7,1061028.343
1644883200,18.71,20.35,18.64,20.19,990630.926
1644969600,20.2,20.21,19.08,19.78,1034180.126
1645056000,19.78,20.03,17.79,18.16,1369704.414
1645142400,18.17,18.61,17.61,17.83,1225964.485
1645228800,17.83,18.23,17.34,17.86,916207.556
1645315200,17.86,17.88,16.68,16.92,1548351.069
1645401600,16.92,17.75,16.03,16.19,1831585.691
1645488000,16.18,16.73,15.8,16.61,1562824.419
1645574400,16.61,17.52,15.92,15.97,1657854.217
1645660800,15.97,16.76,14.06,16.17,3895684.449
1645747200,16.18,17.54,15.8,17.28,1469108.58
1645833600,17.28,18.77,17.19,18.04,1908473.107
1645920000,18.05,18.73,17.03,17.5,1687655.578
1646006400,17.5,19.12,16.65,18.95,2301877.57
1646092800,18.95,19.58,18.33,18.9,2039475.373
1646179200,18.91,19.27,18.36,18.61,1480588.781
1646265600,18.62,18.67,17.77,18.03,1097912.355
1646352000,18.03,18.07,16.45,16.79,1527062.294
1646438400,16.79,17.82,16.19,17.32,1001522.938
1646524800,17.32,17.59,16.53,16.99,926071.032
1646611200,16.98,17.14,16,16.4,1442337.712
1646697600,16.4,17.27,16.31,16.97,915384.364
1646784000,16.96,18.09,16.89,17.88,1105897.682
1646870400,17.89,17.95,16.67,16.98,822764.367
1646956800,16.97,18.49,16.7,17.7,1662852.807
1647043200,17.7,18.75,17.67,18.13,1397001.282
1647129600,18.14,18.39,17.12,17.22,1004178.257
1647216000,17.22,17.85,17.01,17.69,867682.419
1647302400,17.69,18.07,17.05,17.81,692689.656
1647388800,17.81,19.2,17.69,19.04,1608600.521
1647475200,19.07,19.35,18.64,18.75,828796.356
1647561600,18.77,19.22,18.14,18.96,800001.784
1647648000,18.95,19.8,18.87,19.42,931831.48
1647734400,19.42,19.47,18.33,18.65,827402.732
1647820800,18.66,19.07,18.41,18.75,689455.385
1647907200,18.75,20.49,18.68,20.23,1134913.471
1647993600,20.21,21.14,19.81,21.01,1196198.201
1648080000,21.02,21.5,20.27,21.25,1130788.676
1648166400,21.25,21.39,20.2,20.55,927142.224
1648252800,20.55,21.05,20.25,20.91,853654.605
1648339200,20.93,22.49,20.73,22.48,1010974.522
1648425600,22.47,23.34,21.79,21.97,1515141.31
1648512000,21.97,22.96,21.85,22.44,1078105.385
1648598400,22.42,23.01,21.66,22.46,1368627.402
1648684800,22.45,23.08,21.08,21.35,1662880.633
1648771200,21.34,22.17,20.61,22.07,1079747.27
1648857600,22.07,23.86,21.95,22.62,1134738.832
1648944000,22.61,23.58,22.53,23.21,1237492.256
1649030400,23.22,23.23,21.61,22.91,1131873.876
1649116800,22.91,23.13,21.69,21.78,868357.619
1649203200,21.78,21.83,19.7,19.85,1532758.284
1649289600,19.84,20.66,19.47,20.41,754417.905
1649376000,20.4,20.58,19.14,19.44,599482.718
1649462400,19.43,19.83,19.29,19.77,529051.14
1649548800,19.77,20.25,19.17,19.23,476271.383
1649635200,19.22,19.29,17,17.21,1669375.894
1649721600,17.2,18.04,17.17,17.77,997907.588
1649808000,17.77,18.29,17.38,18.19,572970.688
1649894400,18.2,18.49,17.45,17.91,503962.517
1649980800,17.9,18.43,17.79,18.36,435797.417
1650067200,18.36,18.7,18.18,18.62,296752.409
1650153600,18.6,18.82,17.66,17.74,342396.289
1650240000,17.74,18.36,17.11,18.16,642154.438
1650326400,18.15,18.96,18.04,18.88,526315.296
1650412800,18.89,19.53,18.54,19.1,646157.512
1650499200,19.09,19.68,18.04,18.18,758695.167
1650585600,18.18,18.53,18.08,18.27,624833.317
1650672000,18.27,19.26,18,18.7,630910.809
1650758400,18.71,19.16,18.07,18.15,460540.816
1650844800,18.16,18.25,17.12,18.1,894203.062
1650931200,18.11,18.32,16.41,16.69,976405.4
1651017600,16.67,17.28,16.49,16.95,649438.614
1651104000,16.95,17.45,16.76,16.97,751885.557
1651190400,16.98,17.07,16,16.19,679459.444
1651276800,16.19,16.45,14.18,14.51,824557.472
1651363200,14.5,15.53,14.49,15.36,753538.047
1651449600,15.35,15.59,14.55,14.95,984673.201
1651536000,14.95,15.24,14.51,14.73,595756.357
1651622400,14.72,16.34,14.67,16.32,956285.528
1651708800,16.33,16.44,14.05,14.59,1357541.725
1651795200,14.57,14.67,13.81,14.32,1467198.556
1651881600,14.33,14.37,13.37,13.73,722230.275
1651968000,13.74,13.86,13.03,13.26,888885.393
1652054400,13.26,13.48,10.52,10.64,2797680.867
1652140800,10.64,12.45,10.27,11.35,3781306.305
1652227200,11.35,11.64,8.03,9.05,5455655.555
1652313600,9.05,9.49,7,8.68,3970998.998
1652400000,8.68,11.79,8.54,10.44,4559012.678
1652486400,10.45,11.6,9.75,11.28,2190400.275
1652572800,11.29,11.84,10.56,11.79,1479234.766
1652659200,11.79,11.8,10.36,10.62,1508850.506
1652745600,10.62,11.33,10.42,11.02,1244180.471
1652832000,11.04,11.16,9.43,9.47,1315537.832
1652918400,9.47,10.39,9.21,10.02,1391948.539
1653004800,10.02,10.25,9.44,9.67,1216716.441
1653091200,9.67,10.08,9.46,9.98,706372.695
1653177600,9.98,10.32,9.86,10.14,594267.433
1653264000,10.15,10.73,9.79,9.88,1253247.774
1653350400,9.88,10.26,9.56,10.18,806237.25
1653436800,10.18,10.33,9.77,9.87,1099698.52
1653523200,9.87,10,8.79,9.12,1732170.423
1653609600,9.14,10.02,8.56,9.11,2240808.964
1653696000,9.1,9.78,8.95,9.64,924497.396
1653782400,9.64,10.03,9.32,9.98,924235.215
1653868800,9.98,10.78,9.9,10.47,1853022.824
1653955200,10.46,10.64,9.94,10.34,1157251.338
1654041600,10.36,10.74,9.26,9.45,1619828.715
1654128000,9.45,10.05,9.29,9.88,1426148.588
1654214400,9.879,9.92,9.2,9.365,1454800.517
1654300800,9.369,9.545,9.123,9.44,1287016.395
1654387200,9.443,9.544,9.245,9.339,574497.69
1654473600,9.335,9.927,9.307,9.492,1410795.61
1654560000,9.498,9.498,8.839,9.214,1599867.244
1654646400,9.215,9.39,8.896,8.995,904652.028
1654732800,8.998,9.457,8.905,9.228,1383890.046
1654819200,9.221,9.362,8.516,8.652,1874953.922
1654905600,8.65,8.842,7.897,8.03,1952879.974
1654992000,8.033,8.099,7.377,7.393,2430394.285
1655078400,7.391,7.467,6.347,7.032,5335354.82
1655164800,7.035,7.543,6.668,7.349,3575354.974
1655251200,7.36,8.78,6.828,8.491,3858966.977
1655337600,8.486,8.544,6.964,7.113,2754241.021
1655424000,7.119,7.456,7.025,7.269,1991633.003
1655510400,7.27,7.409,6.442,7.044,2619527.738
1655596800,7.041,7.638,6.76,7.521,1759126.186
1655683200,7.521,8.01,7.162,7.87,1462451.056
1655769600,7.857,8.276,7.666,7.751,1350342.276
1655856000,7.751,7.811,7.345,7.384,1500508.183
1655942400,7.383,7.815,7.35,7.774,2411852.745
1656028800,7.773,8.332,7.72,8.182,1269781.611
1656115200,8.186,8.364,7.789,8.126,1001489.798
1656201600,8.129,8.48,7.803,7.832,1067484.278
1656288000,7.825,8.198,7.677,7.734,1006353.401
1656374400,7.733,7.988,7.251,7.303,1278408.137
1656460800,7.306,7.438,6.947,7.029,1856898.089
1656547200,7.031,7.099,6.632,7.064,2030836.803
1656633600,7.065,7.246,6.537,6.743,1990287.973
1656720000,6.745,6.902,6.616,6.814,1019043.117
1656806400,6.816,6.981,6.605,6.844,624293.699
1656892800,6.844,7.206,6.66,7.156,879133.272
1656979200,7.164,7.212,6.592,6.845,1478250.831
1657065600,6.84,7.005,6.683,6.914,1766624.139
1657152000,6.917,7.347,6.878,7.3,1184105.095
1657238400,7.303,7.455,6.929,7.041,961288.225
1657324800,7.035,7.357,7.035,7.249,661331.734
1657411200,7.249,7.262,6.758,6.855,846047.358
1657497600,6.855,6.9,6.5,6.521,1104817.684
1657584000,6.52,6.618,6.25,6.273,1269236.439
1657670400,6.279,6.547,6,6.464,1355171.412
1657756800,6.461,6.764,6.28,6.722,893513.045
1657843200,6.72,6.99,6.652,6.794,1465435.404
1657929600,6.795,7.218,6.561,7.192,1639040.299
1658016000,7.193,7.326,6.874,6.919,1028575.249
1658102400,6.915,7.723,6.903,7.654,2110478.144
1658188800,7.655,8.032,7.496,7.794,2533959.496
1658275200,7.794,8.081,7.366,7.469,2044848.025
1658361600,7.46,7.595,7.175,7.528,1407711.314
1658448000,7.528,7.856,7.26,7.295,1187015.062
1658534400,7.294,7.492,7.082,7.321,1093503.341
1658620800,7.326,7.586,7.31,7.394,793976.415
1658707200,7.389,7.449,6.737,6.757,1744434.191
1658793600,6.759,6.795,6.525,6.782,1710571.407
1658880000,6.778,7.71,6.651,7.687,1689556.959
1658966400,7.686,8.2,7.465,7.856,3094755.388
1659052800,7.856,8.424,7.764,8.186,2419351.762
1659139200,8.189,8.848,8.158,8.212,1807595.49
1659225600,8.213,9.206,8.079,8.633,1840391.74
1659312000,8.629,8.988,8.033,8.18,1937768.388
1659398400,8.184,8.285,7.682,7.928,2485351.808
1659484800,7.931,8.507,7.68,8.003,2574639.558
1659571200,8.001,8.277,7.883,8.092,1188733.172
1659657600,8.092,8.835,8.074,8.81,1861685.914
1659744000,8.808,8.883,8.485,8.521,1014085.508
1659830400,8.523,8.937,8.348,8.655,989088.753
1659916800,8.654,9.393,8.641,9.276,2193678.987
1660003200,9.273,9.469,8.66,8.902,1501561.349
1660089600,8.902,9.648,8.544,9.529,1981439.052
1660176000,9.53,9.652,9.13,9.204,1395704.524
1660262400,9.204,9.506,9.035,9.487,1566218.708
1660348800,9.482,9.683,9.258,9.31,1183266.106
1660435200,9.311,9.563,8.833,8.955,1564959.596
1660521600,8.958,9.391,8.628,8.787,1808673.997
1660608000,8.788,8.955,8.638,8.843,1911042.928
1660694400,8.843,9.171,8.309,8.372,1669061.594
1660780800,8.375,8.595,8.001,8.083,1495127.03
1660867200,8.083,8.093,7.231,7.303,2479156.749
1660953600,7.304,7.521,7.018,7.228,1487922.788
1661040000,7.228,7.527,7.168,7.437,1010685.943
1661126400,7.443,7.444,7,7.401,1353265.807
1661212800,7.402,7.712,7.184,7.637,1073748.732
1661299200,7.642,7.779,7.416,7.564,1054577.974
1661385600,7.563,7.76,7.455,7.583,796515.083
1661472000,7.58,7.68,6.865,6.922,1395356.939
1661558400,6.925,7.1,6.799,7.044,1334981.612
1661644800,7.043,7.15,6.805,6.861,729349.591
1661731200,6.86,7.31,6.784,7.276,1417985.189
1661817600,7.274,7.379,6.883,7.012,1434936.647
1661904000,7.01,7.29,6.98,7.036,1330133.339
1661990400,7.032,7.202,6.863,7.184,1229852.634
1662076800,7.185,7.567,7.122,7.298,1374891.19
1662163200,7.291,7.309,7.176,7.294,712448.293
1662249600,7.295,7.417,7.152,7.375,664266.503
1662336000,7.374,7.636,7.257,7.368,1356202.209
1662422400,7.37,7.69,6.818,6.874,2176505.904
1662508800,6.873,7.297,6.758,7.201,1596088.232
1662595200,7.2,7.45,7.037,7.389,1208951.557
1662681600,7.388,7.943,7.359,7.762,1602327.251
1662768000,7.76,7.877,7.589,7.782,1269535.028
1662854400,7.782,7.899,7.547,7.702,765458.317
1662940800,7.703,8.057,7.57,7.665,1655638.581
1663027200,7.67,7.956,7.033,7.065,1722322.619
1663113600,7.068,7.311,7.014,7.208,1065665.482
1663200000,7.205,7.238,6.875,6.932,1022211.47
1663286400,6.934,6.975,6.703,6.907,1015943.99
1663372800,6.907,7.161,6.905,7.059,532652.469
1663459200,7.059,7.062,6.329,6.446,839897.993
1663545600,6.443,6.557,6.094,6.383,3054268.27
1663632000,6.382,6.415,6.171,6.287,1341842.41
1663718400,6.286,6.572,5.971,6.125,2056503.671
1663804800,6.124,6.521,6.083,6.442,1441128.936
1663891200,6.442,6.635,6.191,6.433,1868530.276
1663977600,6.438,6.509,6.237,6.27,883994.315
1664064000,6.269,6.37,6.088,6.197,901214.225
1664150400,6.203,6.61,6.156,6.559,2153750.052
1664236800,6.558,6.806,6.242,6.369,1719003.161
1664323200,6.368,6.468,6.175,6.391,1111678.307
1664409600,6.395,6.49,6.259,6.437,1018085.337
1664496000,6.437,6.57,6.215,6.32,1442070.872
1664582400,6.319,6.334,6.214,6.27,738194.231
1664668800,6.268,6.328,6.13,6.16,760557.96
1664755200,6.16,6.404,6.086,6.37,724313.524
1664841600,6.369,6.537,6.345,6.496,689013.203
1664928000,6.495,6.508,6.273,6.437,997826.608
1665014400,6.437,6.523,6.317,6.345,892865.603
1665100800,6.344,6.397,6.255,6.33,734655.452
1665187200,6.33,6.394,6.27,6.31,486964.248
1665273600,6.309,6.494,6.282,6.478,531609.767
1665360000,6.48,6.544,6.243,6.253,801318.589
1665446400,6.25,6.251,6.125,6.181,858574.272
1665532800,6.181,6.243,6.126,6.173,620550.602
1665619200,6.172,6.18,5.681,6.113,1965322.519
1665705600,6.113,6.272,6.014,6.048,745664.954
1665792000,6.05,6.1,6.021,6.052,497020.391
1665878400,6.05,6.245,6.049,6.18,476015.795
1665964800,6.182,6.29,6.126,6.255,702154.199
1666051200,6.256,6.298,6.065,6.157,855843.34
1666137600,6.156,6.256,6.064,6.102,842050.668
1666224000,6.102,6.152,5.825,5.885,1049539.351
1666310400,5.884,5.899,5.73,5.835,1189141.713
1666396800,5.835,5.872,5.771,5.847,557668.581
1666483200,5.846,5.978,5.754,5.963,567106.479
1666569600,5.968,5.991,5.807,5.915,728100.373
1666656000,5.915,6.626,5.898,6.44,1973279.093
1666742400,6.44,6.612,6.411,6.467,1036663.85
1666828800,6.468,6.642,6.281,6.331,1277548.592
1666915200,6.332,6.585,6.265,6.517,896677.272
1667001600,6.517,6.775,6.496,6.639,1104975.076
1667088000,6.638,6.743,6.515,6.653,868686.186
1667174400,6.655,6.833,6.568,6.624,1445052.437
1667260800,6.623,6.714,6.45,6.455,862713.413
1667347200,6.454,6.526,6.16,6.255,1559522.012
1667433600,6.256,6.53,6.228,6.425,1297925.153
1667520000,6.423,7.13,6.389,7.058,1761726.493
1667606400,7.062,7.249,6.939,7.028,1231851.794
1667692800,7.026,7.173,6.789,6.813,1103680.084
1667779200,6.811,7.415,6.654,7.12,1326145.382
1667865600,7.114,7.199,5.896,6.314,4068736.159
1667952000,6.313,6.45,5.333,5.401,5844242.046
1668038400,5.403,6.169,5.32,5.954,2490055.367
1668124800,5.952,5.982,5.5,5.742,1903894.664
1668211200,5.736,5.875,5.548,5.772,1639663.342
1668297600,5.773,5.96,5.606,5.741,1920082.348
1668384000,5.736,5.888,5.436,5.858,1630820.74
1668470400,5.851,6.04,5.791,5.917,737693.626
1668556800,5.917,5.989,5.605,5.704,814227.308
1668643200,5.704,5.723,5.554,5.667,782997.729
1668729600,5.666,5.771,5.6,5.636,630985.104
1668816000,5.636,5.65,5.525,5.594,415799.267
1668902400,5.594,5.65,5.249,5.286,899304.678
1668988800,5.286,5.291,5.062,5.181,1347408.427
1669075200,5.183,5.31,4.987,5.276,1405585.346
1669161600,5.276,5.477,5.246,5.429,1281534.854
1669248000,5.429,5.52,5.328,5.386,1086699.545
1669334400,5.386,5.387,5.249,5.264,658743.847
1669420800,5.262,5.452,5.239,5.298,613402.545
1669507200,5.3,5.433,5.26,5.299,522549.646
1669593600,5.301,5.314,5.064,5.13,881258.397
1669680000,5.13,5.351,5.095,5.306,1026807.52
1669766400,5.306,5.503,5.296,5.468,1176267.704
1669852800,5.468,5.479,5.317,5.408,828489.806
1669939200,5.407,5.686,5.368,5.622,923919.677
1670025600,5.623,5.708,5.486,5.496,607210.25
1670112000,5.494,5.609,5.491,5.593,588426.143
1670198400,5.594,5.732,5.436,5.487,695763.405
1670284800,5.487,5.512,5.427,5.499,595767.521
1670371200,5.498,5.518,5.239,5.295,963265.914
1670457600,5.296,5.458,5.251,5.429,600128.467
1670544000,5.43,5.438,5.26,5.295,540169.739
1670630400,5.295,5.323,5.258,5.276,433514.317
1670716800,5.274,5.322,5.129,5.162,531659.112
1670803200,5.161,5.2,5.019,5.172,1190073.435
1670889600,5.174,5.342,4.996,5.283,834527.42
1670976000,5.282,5.353,5.17,5.214,1070383.184
1671062400,5.214,5.253,5.117,5.23,725675.055
1671148800,5.231,5.25,4.52,4.655,1133785.742
1671235200,4.654,4.721,4.587,4.708,1036427.965
1671321600,4.708,4.713,4.617,4.656,480899.78
1671408000,4.657,4.706,4.413,4.479,986203.696
1671494400,4.479,4.653,4.46,4.606,670979.182
1671580800,4.607,4.614,4.444,4.486,642897.52
1671667200,4.486,4.534,4.371,4.53,627753.697
1671753600,4.53,4.546,4.453,4.472,743213.378
1671840000,4.472,4.488,4.43,4.453,317678.398
1671926400,4.453,4.497,4.394,4.491,335844.502
1672012800,4.493,4.578,4.464,4.572,308846.418
1672099200,4.574,4.583,4.453,4.478,567471.818
1672185600,4.478,4.481,4.245,4.285,1246136.486
1672272000,4.285,4.35,4.23,4.304,830607.653
1672358400,4.305,4.338,4.224,4.32,774582.325
1672444800,4.321,4.39,4.297,4.305,538993.668
1672531200,4.307,4.385,4.273,4.371,484333.8
1672617600,4.372,4.534,4.316,4.491,776794.66
1672704000,4.493,4.545,4.466,4.523,600195.475
1672790400,4.523,4.686,4.523,4.629,896312.071
1672876800,4.63,4.648,4.543,4.619,616625.877
1672963200,4.623,4.703,4.55,4.683,674149.359
1673049600,4.684,4.703,4.635,4.665,353316.776
1673136000,4.666,4.825,4.603,4.825,549392.512
1673222400,4.824,5.078,4.801,4.887,1393372.265
1673308800,4.89,4.97,4.821,4.919,747693.491
1673395200,4.918,5.136,4.829,5.131,844391.709
1673481600,5.13,5.257,5.019,5.233,1146164.81
1673568000,5.234,5.42,5.166,5.399,794337.399
1673654400,5.401,6.519,5.396,6.028,2602017.343
1673740800,6.026,6.071,5.77,5.927,1951658.487
1673827200,5.926,6.085,5.61,5.81,2321665.749
1673913600,5.81,6.207,5.7,5.955,1984327.765
1674000000,5.956,6.213,5.586,5.649,1533825.355
1674086400,5.648,5.842,5.643,5.801,665965.838
1674172800,5.8,6.295,5.753,6.249,1005905.204
1674259200,6.251,6.466,6.009,6.241,1685852.133
1674345600,6.241,6.454,6.081,6.211,1153641.205
1674432000,6.215,6.821,6.202,6.566,1325666.954
1674518400,6.566,6.708,6.103,6.191,1136744.317
1674604800,6.191,6.569,6.017,6.397,1586802.089
1674691200,6.402,6.558,6.309,6.473,1290565.081
1674777600,6.474,6.619,6.277,6.587,1004592.008
1674864000,6.589,6.659,6.324,6.396,911997.554
1674950400,6.395,6.698,6.332,6.609,825853.732
1675036800,6.61,6.648,6.022,6.19,1489437.17
1675123200,6.191,6.32,6.144,6.262,1053209.281
1675209600,6.261,6.489,6.032,6.467,1489681.043
1675296000,6.468,6.937,6.454,6.545,1815795.767
1675382400,6.547,7.126,6.508,7.01,1738702.784
1675468800,7.012,7.073,6.821,6.874,778279.216
1675555200,6.874,6.896,6.516,6.639,1225464.728
1675641600,6.641,6.789,6.428,6.499,1196722.602
1675728000,6.496,6.948,6.479,6.938,1280917.842
1675814400,6.938,7.018,6.617,6.758,1277838.459
1675900800,6.76,6.975,6.091,6.232,2827400.115
1675987200,6.232,6.307,6.118,6.181,906340.207
1676073600,6.181,6.294,6.155,6.277,211957.765
1676160000,6.275,6.384,6.076,6.182,445757.508
1676246400,6.181,6.244,5.882,6.148,1055514.37
1676332800,6.147,6.265,6.016,6.236,724040.628
1676419200,6.235,6.618,6.161,6.616,1311189.073
1676505600,6.618,6.742,6.319,6.326,1156489.07
1676592000,6.327,7.419,6.291,7.289,2606492.17
1676678400,7.285,7.374,7.114,7.233,1270007.235
1676764800,7.236,7.892,7.188,7.456,2057244.902
1676851200,7.458,7.57,7.242,7.55,1378750.039
1676937600,7.548,7.571,7.119,7.249,1544382.36
1677024000,7.251,7.268,6.884,7.187,1598637.755
1677110400,7.188,7.385,7.013,7.096,992945.314
1677196800,7.097,7.143,6.472,6.616,1856201.404
1677283200,6.616,6.65,6.342,6.545,1005369.131
1677369600,6.544,6.728,6.502,6.693,770411.018
1677456000,6.693,6.782,6.49,6.577,874613.139
1677542400,6.576,6.595,6.279,6.35,1333631.158
1677628800,6.35,6.597,6.315,6.534,1462060.533
1677715200,6.535,6.56,6.222,6.338,966695.209
1677801600,6.338,6.338,5.791,6.036,2089315.231
1677888000,6.036,6.054,5.775,5.913,637717.56
1677974400,5.912,6.062,5.891,5.977,488922.037
1678060800,5.97,6.042,5.86,5.919,1155962.233
1678147200,5.919,6.016,5.738,5.839,1462708.788
1678233600,5.84,5.936,5.501,5.594,2236678.695
1678320000,5.594,5.797,5.25,5.385,2249639.451
1678406400,5.383,5.602,5.149,5.569,3244288.694
1678492800,5.567,5.759,5.275,5.509,1746102.686
1678579200,5.51,5.945,5.422,5.938,1040462.215
1678665600,5.94,6.167,5.715,6.126,1897628.535
1678752000,6.128,6.565,6.022,6.243,2325605.881
1678838400,6.243,6.395,5.791,5.895,1838584.726
1678924800,5.896,6.157,5.785,6.1,1036945.117
1679011200,6.099,6.651,6.039,6.635,931137.868
1679097600,6.642,6.714,6.301,6.331,812647.06
1679184000,6.331,6.618,6.33,6.473,508901.986
1679270400,6.474,6.501,6.066,6.114,813735.265
1679356800,6.113,6.476,6.024,6.381,688575.292
1679443200,6.382,6.401,5.931,6.068,893208.403
1679529600,6.067,6.432,6.011,6.335,787437.124
1679616000,6.336,6.352,5.958,6.029,733131.661
1679702400,6.028,6.088,5.838,5.909,460104.607
1679788800,5.91,6.113,5.886,6.049,339905.726
1679875200,6.046,6.118,5.743,5.868,637127.435
1679961600,5.869,6.113,5.791,6.063,522835.013
1680048000,6.067,6.285,6.05,6.183,648881.63
1680134400,6.187,6.296,6.026,6.124,478474.004
1680220800,6.127,6.384,6.104,6.344,469218.796
1680307200,6.344,6.394,6.196,6.351,367984.589
1680393600,6.352,6.448,6.183,6.271,361268.627
1680480000,6.269,6.5,6.097,6.421,750621.814
1680566400,6.42,6.534,6.364,6.44,774573.413
1680652800,6.44,6.589,6.324,6.409,848552.819
1680739200,6.411,6.418,6.259,6.284,766469.771
1680825600,6.282,6.321,6.138,6.182,654450.614
1680912000,6.176,6.237,6.097,6.132,385761.909
1680998400,6.132,6.265,6.1,6.213,248966.902
1681084800,6.211,6.317,6.12,6.295,506237.107
1681171200,6.299,6.497,6.28,6.422,708533.823
1681257600,6.432,6.477,6.218,6.407,904091.665
1681344000,6.41,6.657,6.356,6.642,838244.98
1681430400,6.643,6.851,6.541,6.733,1354449.594
1681516800,6.737,6.876,6.639,6.804,632067.843
1681603200,6.81,6.881,6.681,6.829,541772.587
1681689600,6.829,6.84,6.632,6.701,1029305.279
1681776000,6.702,6.984,6.577,6.92,1109782.461
1681862400,6.919,6.925,6.242,6.313,2134136.502
1681948800,6.311,6.441,6.062,6.111,1677951.355
1682035200,6.11,6.171,5.777,5.846,1316721.742
1682121600,5.848,5.979,5.82,5.947,442888.166
1682208000,5.947,5.974,5.76,5.907,618059.493
1682294400,5.907,6.02,5.796,5.883,718744.092
1682380800,5.886,6.012,5.777,6,649558.964
1682467200,6.002,6.243,5.6,5.854,1333396.993
1682553600,5.852,6.05,5.833,5.973,879425.944
1682640000,5.973,5.982,5.778,5.953,614177.296
1682726400,5.953,6.058,5.921,6.047,459830.105
1682812800,6.043,6.086,5.848,5.875,426523.598
1682899200,5.88,5.912,5.593,5.666,787552.593
1682985600,5.664,5.76,5.623,5.716,627903.32
1683072000,5.715,5.812,5.559,5.778,697538.829
1683158400,5.782,5.801,5.622,5.673,462251.275
1683244800,5.673,5.905,5.668,5.852,723427.11
1683331200,5.856,5.9,5.595,5.643,747005.712
1683417600,5.643,5.709,5.612,5.634,429726.284
1683504000,5.639,5.655,5.178,5.374,1437402.747
1683590400,5.373,5.416,5.293,5.326,615980.876
1683676800,5.326,5.525,5.213,5.466,1187876.179
1683763200,5.47,5.472,5.184,5.281,978665.274
1683849600,5.285,5.354,5.12,5.345,822476.032
1683936000,5.345,5.397,5.313,5.35,163763.941
1684022400,5.35,5.449,5.313,5.352,181284.468
1684108800,5.353,5.431,5.269,5.315,288055.735
1684195200,5.313,5.338,5.235,5.296,525764.141
1684281600,5.296,5.441,5.222,5.42,754695.951
1684368000,5.42,5.467,5.244,5.338,564071.194
1684454400,5.339,5.394,5.291,5.373,426340.329
1684540800,5.375,5.447,5.332,5.411,309126.515
1684627200,5.409,5.432,5.25,5.277,271780.946
1684713600,5.276,5.338,5.225,5.312,439584.473
1684800000,5.313,5.451,5.292,5.402,314110.569
1684886400,5.402,5.405,5.196,5.256,526726.287
1684972800,5.255,5.297,5.15,5.244,554549.534
1685059200,5.243,5.273,5.187,5.247,554646.168
1685145600,5.246,5.377,5.232,5.339,183126.675
1685232000,5.337,5.564,5.315,5.502,217392.877
1685318400,5.508,5.54,5.416,5.462,246081.422
1685404800,5.462,5.53,5.41,5.443,354040.228
1685491200,5.444,5.465,5.27,5.316,757811.453
1685577600,5.314,5.335,5.193,5.207,731787.451
1685664000,5.207,5.306,5.161,5.279,652010.668
1685750400,5.279,5.341,5.242,5.341,222274.554
1685836800,5.343,5.384,5.309,5.316,189426.966
1685923200,5.313,5.325,4.9,5.07,628457.432
1686009600,5.068,5.267,4.987,5.203,487392.131
1686096000,5.202,5.214,4.978,5.024,786656.957
1686182400,5.023,5.06,4.977,5.023,469982.962
1686268800,5.021,5.07,4.929,4.982,386941.936
1686355200,4.982,4.987,4.21,4.521,2172879.138
1686441600,4.521,4.555,4.429,4.526,646408.393
1686528000,4.525,4.559,4.415,4.535,627947.181
1686614400,4.534,4.722,4.497,4.628,568448.542
1686700800,4.627,4.8,4.504,4.568,784661.982
1686787200,4.567,4.619,4.271,4.371,1113286.649
1686873600,4.37,4.46,4.273,4.419,479385.954
1686960000,4.418,4.565,4.392,4.528,321983.335
1687046400,4.528,4.667,4.478,4.535,314281.122
1687132800,4.535,4.587,4.434,4.528,254342.309
1687219200,4.53,4.679,4.372,4.664,476103.705
1687305600,4.663,4.866,4.636,4.824,587704.505
1687392000,4.821,4.979,4.752,4.826,444605.81
1687478400,4.828,5.138,4.822,5.103,564968.903
1687564800,5.102,5.138,4.91,5.013,287153.809
1687651200,5.011,5.245,5.004,5.199,440581.809
1687737600,5.197,5.24,5.007,5.023,483221.518
1687824000,5.028,5.155,5,5.097,279109.322
1687910400,5.096,5.098,4.753,4.88,425377.541
1687996800,4.88,5.242,4.87,4.986,515166.045
1688083200,4.986,5.2,4.779,5.175,816048.404
1688169600,5.176,5.365,5.11,5.348,355238.076
1688256000,5.354,5.53,5.223,5.496,485838.143
1688342400,5.498,5.635,5.378,5.427,446110.263
1688428800,5.43,5.513,5.256,5.35,397608.176
1688515200,5.347,5.383,5.116,5.207,457350.827
1688601600,5.207,5.365,5.009,5.017,488121.756
1688688000,5.015,5.179,4.976,5.12,350172.29
1688774400,5.121,5.198,5.055,5.129,279788.677
1688860800,5.13,5.161,5.065,5.081,240899.819
1688947200,5.082,5.23,4.983,5.134,371152.614
1689033600,5.133,5.217,5.089,5.213,410676.062
1689120000,5.215,5.31,5.101,5.149,385358.952
1689206400,5.149,5.553,5.098,5.546,1260819.147
1689292800,5.554,5.745,5.298,5.455,1662133.266
1689379200,5.452,5.566,5.385,5.434,429010.244
1689465600,5.432,5.451,5.266,5.313,340232.062
1689552000,5.313,5.42,5.172,5.305,524279.193
1689638400,5.303,5.393,5.098,5.184,519525.209
1689724800,5.183,5.261,5.131,5.193,384879.737
1689811200,5.194,5.488,5.186,5.358,532305.65
1689897600,5.352,5.705,5.336,5.488,801342.374
1689984000,5.488,5.52,5.266,5.317,317882.635
1690070400,5.315,5.491,5.278,5.389,239512.831
1690156800,5.389,5.415,5.1,5.21,458248.057
1690243200,5.211,5.255,5.128,5.176,338422.332
1690329600,5.176,5.296,5.117,5.234,292152.745
1690416000,5.236,5.336,5.18,5.235,322266.767
1690502400,5.236,5.272,5.16,5.219,259289.972
1690588800,5.219,5.259,5.204,5.248,168754.018
1690675200,5.246,5.278,5.09,5.185,289644.661
1690761600,5.178,5.26,5.048,5.108,357402.628
1690848000,5.105,5.21,4.952,5.207,430873.519
1690934400,5.206,5.219,5.006,5.057,335652.168
1691020800,5.056,5.072,4.936,4.975,261293.823
1691107200,4.977,5.042,4.935,4.985,348413.871
1691193600,4.987,4.988,4.924,4.97,188936.862
1691280000,4.97,5.038,4.952,4.999,250411.053
1691366400,4.999,5.04,4.832,4.965,407211.501
1691452800,4.961,5.1,4.927,5.056,360537.878
1691539200,5.059,5.104,4.992,5.056,312355.226
1691625600,5.06,5.064,4.972,5.001,207629.181
1691712000,5,5.015,4.949,5.004,245244.36
1691798400,5.004,5.043,4.992,5.038,125560.572
1691884800,5.039,5.043,4.966,4.983,137496.611
1691971200,4.984,5.048,4.947,4.983,234559.785
1692057600,4.984,4.99,4.629,4.813,459885.333
1692144000,4.813,4.837,4.528,4.668,1066350.027
1692230400,4.668,4.819,4.337,4.431,1047945.45
1692316800,4.43,4.559,4.365,4.51,784993.147
1692403200,4.51,4.552,4.452,4.52,245834.44
1692489600,4.519,4.533,4.466,4.522,232968.125
1692576000,4.522,4.538,4.359,4.425,537558.434
1692662400,4.424,4.448,4.24,4.42,591049.368
1692748800,4.422,4.533,4.377,4.488,527922.921
1692835200,4.488,4.517,4.363,4.421,326176.185
1692921600,4.421,4.494,4.356,4.489,312993.264
1693008000,4.489,4.511,4.472,4.505,152195.607
1693094400,4.505,4.542,4.461,4.489,175236.342
1693180800,4.487,4.618,4.416,4.607,411729.457
1693267200,4.608,4.804,4.537,4.677,506787.04
1693353600,4.678,4.678,4.515,4.535,392187.665
1693440000,4.536,4.536,4.233,4.27,527330.345
1693526400,4.27,4.295,4.137,4.215,523127.76
1693612800,4.215,4.274,4.201,4.262,195468.896
1693699200,4.262,4.3,4.227,4.259,204081.853
1693785600,4.262,4.32,4.189,4.255,345388.255
1693872000,4.258,4.298,4.2,4.255,311822.544
1693958400,4.256,4.288,4.166,4.269,340413.114
1694044800,4.269,4.306,4.231,4.29,329802.732
1694131200,4.292,4.33,4.202,4.248,304931.066
1694217600,4.249,4.276,4.234,4.234,180101.356
1694304000,4.235,4.236,4.1,4.147,377927.837
1694390400,4.148,4.153,3.906,3.988,645976.24
1694476800,3.988,4.093,3.954,3.987,399568.384
1694563200,3.986,4.1,3.95,3.999,333161.437
1694649600,3.999,4.089,3.975,4.061,336626.375
1694736000,4.059,4.172,4.047,4.139,278568.938
1694822400,4.139,4.226,4.134,4.185,193679.128
1694908800,4.185,4.19,4.046,4.07,207176.281
1694995200,4.071,4.22,4.016,4.107,275154.975
1695081600,4.105,4.169,4.079,4.155,295960.916
1695168000,4.155,4.17,4.066,4.138,271076.63
1695254400,4.139,4.165,4,4.013,229528.09
1695340800,4.013,4.037,3.979,4.019,259324.97
1695427200,4.02,4.039,3.999,4.033,131512.385
1695513600,4.033,4.058,3.973,3.991,195410.59
1695600000,3.992,4.088,3.95,4.065,273022.362
1695686400,4.067,4.089,3.971,4.01,179627.932
1695772800,4.009,4.07,3.965,3.99,246065.591
1695859200,3.989,4.098,3.979,4.074,353081.06
1695945600,4.073,4.121,4.055,4.075,244903.729
1696032000,4.075,4.122,4.07,4.104,247927.025
1696118400,4.103,4.289,4.102,4.262,310737.527
1696204800,4.265,4.3,4.059,4.12,391000.067
1696291200,4.121,4.162,4.048,4.076,309506.123
1696377600,4.076,4.076,3.958,4.044,345800.416
1696464000,4.043,4.083,4.004,4.022,179078.572
1696550400,4.023,4.096,3.999,4.07,261562.534
1696636800,4.073,4.115,4.047,4.055,141646.097
1696723200,4.055,4.075,4.002,4.012,149294.013
1696809600,4.011,4.031,3.759,3.885,920284.522
1696896000,3.884,3.9,3.772,3.812,557618.415
1696982400,3.814,3.823,3.697,3.739,913498.117
1697068800,3.736,3.739,3.622,3.678,499384.888
1697155200,3.676,3.774,3.667,3.719,431420.449
1697241600,3.719,3.76,3.717,3.734,304706.337
1697328000,3.734,3.776,3.705,3.753,362782.663
1697414400,3.751,3.903,3.738,3.777,840519.934
1697500800,3.78,3.781,3.635,3.671,525727.925
1697587200,3.67,3.725,3.631,3.654,350111.634
1697673600,3.652,3.662,3.566,3.651,465582.088
1697760000,3.65,3.806,3.639,3.718,750745.857
1697846400,3.72,3.978,3.709,3.91,703131.582
1697932800,3.909,3.975,3.812,3.97,667192.713
1698019200,3.97,4.368,3.92,4.359,2015421.283
1698105600,4.365,4.422,4.1,4.19,2309773.103
1698192000,4.19,4.355,4.14,4.292,1668115.25
1698278400,4.292,4.451,4.153,4.233,1673594.097
1698364800,4.234,4.237,4.053,4.134,1103974.335
1698451200,4.132,4.222,4.129,4.179,915620.59
1698537600,4.18,4.353,4.129,4.315,946859.546
1698624000,4.315,4.55,4.233,4.529,1321543.811
1698710400,4.529,4.604,4.276,4.452,1300023.01
1698796800,4.447,4.806,4.322,4.731,2064369.268
1698883200,4.73,4.801,4.516,4.631,1352791.658
1698969600,4.63,4.645,4.457,4.613,795177.852
1699056000,4.61,4.782,4.587,4.687,654044.531
1699142400,4.688,4.912,4.654,4.766,1177989.964
1699228800,4.767,4.997,4.682,4.969,1191595.523
1699315200,4.968,5.009,4.72,4.93,1201605.812
1699401600,4.925,5.094,4.862,5.033,1264210.717
1699488000,5.033,5.266,4.511,5.086,2576836.869
1699574400,5.091,5.318,4.974,5.302,1330711.83
1699660800,5.303,5.689,5.091,5.559,1716000.627
1699747200,5.559,5.859,5.35,5.712,1876125.727
1699833600,5.713,5.891,5.339,5.352,1570878.949
1699920000,5.349,5.523,5,5.201,1700104.393
1700006400,5.198,5.643,5.188,5.564,1425726.325
1700092800,5.565,5.801,5.275,5.356,1492124.936
1700179200,5.352,5.485,5.055,5.247,1017320.596
1700265600,5.24,5.296,5,5.294,616056.379
1700352000,5.291,5.486,5.179,5.438,531850.717
1700438400,5.441,5.574,5.26,5.306,729529.961
1700524800,5.305,5.329,4.824,4.86,929445.574
1700611200,4.857,5.287,4.85,5.173,1068522.762
1700697600,5.174,5.222,5.081,5.136,667766.815
1700784000,5.137,5.296,5.119,5.244,821300.462
1700870400,5.245,5.391,5.214,5.332,476788.247
1700956800,5.332,5.418,5.15,5.327,513261.639
1701043200,5.33,5.38,5.038,5.154,706656.917
1701129600,5.156,5.317,5.105,5.274,697323.099
1701216000,5.277,5.389,5.131,5.159,1631144.45
1701302400,5.158,5.578,5.118,5.474,1495631.865
1701388800,5.475,5.529,5.373,5.475,1179777.996
1701475200,5.476,5.607,5.454,5.565,654744.488
1701561600,5.564,5.625,5.434,5.543,626035.093
1701648000,5.546,5.722,5.412,5.633,1629594.294
1701734400,5.635,5.946,5.511,5.907,1619510.034
1701820800,5.91,6.2,5.776,6.044,2059935.016
1701907200,6.044,6.303,5.903,6.243,1401549.888
1701993600,6.248,6.917,6.17,6.842,2007912.491
1702080000,6.842,7.69,6.834,7.105,2440197.239
1702166400,7.107,7.358,6.963,7.351,1369554.589
1702252800,7.349,7.36,6.269,6.703,2499506.864
1702339200,6.704,7.337,6.692,7.131,2126698.774
1702425600,7.133,7.7,6.607,7.602,2017509.881
1702512000,7.608,7.776,6.963,7.508,1672085.497
1702598400,7.504,7.569,6.92,6.944,1896267.17
1702684800,6.944,7.355,6.864,7.087,1501638.088
1702771200,7.088,7.159,6.744,6.783,721731.773
1702857600,6.779,6.888,6.363,6.886,1073909.457
1702944000,6.885,7.043,6.605,6.7,1056288.553
1703030400,6.709,7.137,6.615,6.95,1179820.565
1703116800,6.956,8.437,6.916,8.427,4323529.244
1703203200,8.425,8.575,7.842,7.962,2125580.188
1703289600,7.964,8.451,7.595,8.328,1668630.82
1703376000,8.331,9.217,8.316,8.622,3545645.115
1703462400,8.619,9.4,8.499,9.193,3380082.546
1703548800,9.198,9.592,8.34,8.82,2800601.13
1703635200,8.82,9.019,8.403,8.703,1913597.552
1703721600,8.706,8.916,8.267,8.429,1552662.355
1703808000,8.432,8.694,8.02,8.296,2498706.257
1703894400,8.291,8.491,8.093,8.35,1093640.067
1703980800,8.349,8.644,8.025,8.202,1179177.654
1704067200,8.206,8.634,8.06,8.598,951670.225
1704153600,8.598,8.81,8.317,8.412,1623701.669
1704240000,8.416,8.577,6.62,7.634,2256122.659
1704326400,7.631,8.012,7.479,7.886,1115761.642
1704412800,7.89,7.962,7.182,7.456,1296375.161
1704499200,7.448,7.457,6.952,7.131,1208324.764
1704585600,7.132,7.331,6.818,6.902,1277034.134
1704672000,6.898,7.513,6.512,7.487,1372236.798
1704758400,7.491,7.533,6.9,7.13,1310214.858
1704844800,7.13,8.088,6.801,7.987,1825665.855
1704931200,7.987,8.585,7.858,8.148,2556101.443
1705017600,8.149,8.217,7.3,7.561,1482114.028
1705104000,7.566,7.75,7.37,7.614,1001848.281
1705190400,7.613,7.696,7.309,7.319,692013.396
1705276800,7.316,7.826,7.303,7.502,806215.16
1705363200,7.502,7.679,7.319,7.489,911356.184
1705449600,7.493,7.596,7.249,7.341,1013474.468
1705536000,7.342,7.384,6.82,7.013,1435119.63
1705622400,7.013,7.044,6.567,6.888,1092473.541
1705708800,6.885,6.949,6.773,6.91,647512.059
1705795200,6.909,7.289,6.799,6.811,417607.58
1705881600,6.812,6.843,6.284,6.334,2121917.185
1705968000,6.334,6.45,5.969,6.358,1686310.078
1706054400,6.358,6.54,6.256,6.462,1125749.902
1706140800,6.462,6.569,6.343,6.433,868437.771
1706227200,6.433,6.779,6.356,6.669,1040815.85
1706313600,6.67,6.752,6.529,6.668,913303.963
1706400000,6.668,6.872,6.567,6.871,879829.566
1706486400,6.871,7.298,6.706,7.031,2472056.944
1706572800,7.029,7.199,6.821,6.837,1316786.289
1706659200,6.838,6.884,6.581,6.649,953133.812
1706745600,6.649,6.813,6.528,6.79,625015.834
1706832000,6.793,7.022,6.759,6.944,745942.207
1706918400,6.945,7.004,6.81,6.826,452136.221
1707004800,6.818,6.831,6.645,6.662,327125.251
1707091200,6.662,6.969,6.589,6.727,868089.062
1707177600,6.728,6.83,6.634,6.806,737388.613
1707264000,6.806,6.962,6.666,6.939,968619.029
1707350400,6.94,7.109,6.754,7.015,1551860.429
1707436800,7.015,7.329,6.961,7.196,1332694.19
1707523200,7.199,7.295,7.064,7.202,656336.962
1707609600,7.201,7.345,7.08,7.101,607580.592
1707696000,7.102,7.382,6.981,7.345,1120514.625
1707782400,7.344,7.489,7.115,7.358,1073406.456
1707868800,7.359,7.713,7.278,7.657,1752149.525
1707955200,7.655,7.958,7.536,7.788,1668931.673
1708041600,7.788,7.872,7.546,7.656,1034107.295
1708128000,7.655,7.712,7.344,7.705,785050.591
1708214400,7.707,7.923,7.68,7.857,761387.344
1708300800,7.863,8.15,7.652,8.029,1226603.681
1708387200,8.031,8.119,7.424,7.73,1464220.587
1708473600,7.731,7.731,7.227,7.468,1722295.273
1708560000,7.469,7.685,7.276,7.475,1268485.92
1708646400,7.475,7.645,7.243,7.564,1509322.99
1708732800,7.564,7.891,7.431,7.82,1154403.586
1708819200,7.819,7.947,7.677,7.92,820622.96
1708905600,7.922,8.124,7.58,8.111,1465404.252
1708992000,8.113,8.45,7.998,8.372,2143716.817
1709078400,8.373,8.727,7.768,8.354,3207637.675
1709164800,8.353,8.9,8.043,8.266,3219930.62929191
1709251200,8.268,8.68,8.268,8.667,2105392.53821903
1709337600,8.67,9.473,8.584,9.47,2575608.59331695
1709424000,9.469,9.917,8.562,9.783,2599512.93379806
1709510400,9.788,10.315,9.59,9.878,3913401.72332591
1709596800,9.877,10.8,8.333,9.336,6056680.8621492
1709683200,9.335,10.569,8.931,10.546,4004753.56774914
1709769600,10.55,11.021,10.238,10.42,2681403.27864951
1709856000,10.423,10.723,9.97,10.664,2946219.95782024
1709942400,10.659,10.977,10.433,10.514,1512557.2305287
1710028800,10.516,10.595,9.986,10.273,1381871.6672528
1710115200,10.276,11.258,9.82,11.045,3022367.62684755
1710201600,11.046,11.153,10.064,10.737,2255453.95675793
1710288000,10.739,11.4,10.64,11.38,2440877.62367005
1710374400,11.384,11.893,10.664,11.557,4190648.2022692
1710460800,11.554,11.702,9.98,10.812,3957915.46702838
1710547200,10.812,10.902,9.5,9.677,2316120.59266601
1710633600,9.676,10.255,9.197,10.071,1913170.55169531
1710720000,10.074,10.456,9.601,9.901,2364355.49026732
1710806400,9.889,9.991,8.6,8.766,3748081.33764767
1710892800,8.763,9.57,8.489,9.484,3563848.8046799
1710979200,9.484,9.58,9.064,9.179,1881347.06531331
1711065600,9.176,9.365,8.698,8.94,2198691.35220475
1711152000,8.941,9.224,8.855,8.973,1115122.10766432
1711238400,8.961,9.431,8.957,9.373,826178.62269917
1711324800,9.374,9.831,9.287,9.741,1308838.83750927
1711411200,9.738,10.059,9.526,9.689,1469063.77019093
1711497600,9.686,9.81,9.302,9.441,1658427.75752025
1711584000,9.441,9.653,9.293,9.522,1399118.38666885
1711670400,9.524,9.812,9.349,9.606,1572762.15772252
1711756800,9.605,9.704,9.389,9.436,795060.07562141
1711843200,9.435,9.648,9.419,9.644,625115.00973588
1711929600,9.643,9.741,8.925,9.149,1556599.77940726
1712016000,9.149,9.149,8.372,8.588,2170701.00858231
1712102400,8.585,8.784,8.287,8.418,1257101.41491161
1712188800,8.419,8.717,8.11,8.492,1232068.14305609
1712275200,8.492,8.514,8.074,8.382,776386.88961015
1712361600,8.382,8.555,8.335,8.498,471274.23623829
1712448000,8.489,8.742,8.462,8.708,527951.90883828
1712534400,8.704,9.095,8.569,9.041,914953.59459255
1712620800,9.037,9.108,8.623,8.651,2084038.33986184
1712707200,8.649,8.694,8.116,8.411,3525404.29586931
1712793600,8.409,8.524,8.183,8.385,913850.68598922
1712880000,8.382,8.492,6.553,7.243,3241462.52145865
1712966400,7.242,7.334,5.8,6.403,5291798.68812554
1713052800,6.399,6.933,6.202,6.861,3733500.76137353
1713139200,6.86,7.216,6.435,6.707,2192785.03220539
1713225600,6.71,6.826,6.373,6.705,1471242.01632751
1713312000,6.704,6.784,6.328,6.578,1051411.64989118
1713398400,6.579,6.832,6.445,6.784,1089445.05246108
1713484800,6.78,6.923,6.276,6.684,1532460.54910937
1713571200,6.683,7.284,6.613,7.243,850168.79648471
1713657600,7.247,7.293,6.964,7.142,679711.60661607
1713744000,7.141,7.585,7.091,7.469,1285548.43530539
1713830400,7.47,7.545,7.205,7.242,864443.92094991
1713916800,7.241,7.497,6.852,6.928,1226510.43705216
1714003200,6.93,7,6.7,6.86,963596.56616014
1714089600,6.863,6.949,6.712,6.76,655755.53318631
1714176000,6.763,6.859,6.509,6.805,689954.86049651
1714262400,6.809,6.946,6.687,6.723,589996.7503807
1714348800,6.725,6.822,6.469,6.587,864845.07782755
1714435200,6.587,6.668,6.036,6.422,1564097.75793878
1714521600,6.418,6.925,6.12,6.888,2675736.7398583
1714608000,6.89,7.41,6.688,7.277,1929420.68437508
1714694400,7.275,7.39,7.004,7.25,1321771.74378062
1714780800,7.249,7.256,7.109,7.121,879819.44579354
1714867200,7.122,7.4,7.017,7.307,843224.73795659
1714953600,7.305,7.475,7.061,7.12,1354490.50400659
1715040000,7.122,7.295,6.982,6.995,824894.23909407
1715126400,6.99,7.184,6.892,6.982,984600.31140692
1715212800,6.981,7.089,6.778,7.048,830096.68994035
1715299200,7.049,7.148,6.7,6.743,864784.98905514
1715385600,6.738,6.808,6.633,6.661,528727.02735364
1715472000,6.66,6.789,6.589,6.614,342700.2954587
1715558400,6.612,6.825,6.431,6.673,931262.75670533
1715644800,6.669,6.696,6.464,6.482,643234.89155238
1715731200,6.482,7.034,6.458,6.964,1105478.41814679
1715817600,6.964,7.066,6.817,7.029,805338.00804179
1715904000,7.026,7.3,7.001,7.203,1078510.62602187
1715990400,7.203,7.232,7.058,7.159,410301.42963081
1716076800,7.16,7.182,6.894,6.933,373843.27383013
1716163200,6.933,7.583,6.853,7.575,1076854.22300314
1716249600,7.578,7.668,7.429,7.611,1580542.60167991
1716336000,7.61,7.7,7.379,7.461,951633.35911299
1716422400,7.463,7.599,6.908,7.195,1474576.47300493
1716508800,7.194,7.381,7.016,7.242,712981.86407237
1716595200,7.241,7.437,7.219,7.424,519451.55381596
1716681600,7.423,7.638,7.37,7.554,578100.91833391
1716768000,7.554,7.768,7.374,7.634,1125410.22060546
1716854400,7.632,7.659,7.269,7.362,1217653.26560393
1716940800,7.362,7.555,7.137,7.169,1158422.81234763
1717027200,7.17,7.234,6.921,6.993,1169901.90227509
1717113600,6.992,7.05,6.8,6.975,1350298.6969536
1717200000,6.977,7.128,6.95,7.055,407322.51847089
1717286400,7.057,7.12,6.913,6.987,483887.51882468
1717372800,6.98,7.188,6.93,7.009,940461.66884293
1717459200,7.008,7.233,6.94,7.177,693015.75536249
1717545600,7.18,7.35,7.15,7.253,761440.15664767
1717632000,7.253,7.286,7.056,7.139,718198.40770822
1717718400,7.141,7.286,6.064,6.657,1843089.00258043
1717804800,6.657,6.681,6.34,6.385,886688.76175215
1717891200,6.382,6.539,6.375,6.524,481902.42748796
1717977600,6.525,6.583,6.358,6.503,969855.51070022
1718064000,6.503,6.523,6.214,6.376,1878656.39815289
1718150400,6.376,6.929,6.276,6.734,1914909.39072921
1718236800,6.736,6.738,6.336,6.356,1135918.58567407
1718323200,6.358,6.483,6,6.164,1331977.64002064
1718409600,6.16,6.254,6.109,6.22,428898.91071821
1718496000,6.219,6.418,6.144,6.39,451885.11784163
1718582400,6.392,6.412,5.983,6.069,1036795.66843889
1718668800,6.066,6.085,5.497,5.768,2186444.96799236
1718755200,5.768,5.991,5.728,5.796,1297121.93627365
1718841600,5.79,5.972,5.594,5.639,1002576.9063409
1718928000,5.64,5.734,5.547,5.608,716957.83021229
1719014400,5.609,5.803,5.539,5.75,847368.08032066
1719100800,5.75,5.814,5.584,5.646,725234.08408936
1719187200,5.645,5.735,5.4,5.724,1196481.63843998
1719273600,5.721,5.975,5.7,5.841,1138246.59630677
1719360000,5.84,5.948,5.758,5.795,800085.50019133
1719446400,5.796,6.4,5.701,6.276,1528654.18656108
1719532800,6.275,6.435,6.146,6.178,1048476.18806158
1719619200,6.177,6.292,6.055,6.072,342835.920021
1719705600,6.071,6.251,6.012,6.203,408014.76133095
1719792000,6.201,6.442,6.112,6.324,1169513.21327551
1719878400,6.324,6.597,6.307,6.52,1637634.53605523
1719964800,6.52,6.535,5.89,6.075,1503245.29193304
1720051200,6.075,6.133,5.541,5.555,2137619.68683649
1720137600,5.554,5.917,4.913,5.686,3841405.42130032
1720224000,5.684,6.309,5.632,6.24,1567424.47707658
1720310400,6.244,6.313,5.882,5.904,742219.1327146
1720396800,5.908,6.296,5.695,5.94,1302351.93664777
1720483200,5.94,6.186,5.84,6.117,1442410.14424855
1720569600,6.116,6.26,6.05,6.094,910589.58537156
1720656000,6.093,6.243,5.896,5.903,1020192.89708961
1720742400,5.902,6.109,5.803,6.104,821777.31192171
1720828800,6.106,6.304,6.076,6.235,575782.90944886
1720915200,6.235,6.357,6.161,6.318,1324158.42577008
1721001600,6.32,6.541,6.297,6.488,1474682.98901713
1721088000,6.489,6.515,6.13,6.338,1192445.25039504
1721174400,6.341,6.534,6.247,6.257,899524.95540902
1721260800,6.255,6.405,6.02,6.092,1194645.15128843
1721347200,6.094,6.352,5.982,6.341,956111.64253955
1721433600,6.344,6.4,6.225,6.335,380507.38606887
1721520000,6.334,6.447,6.102,6.431,601412.63183994
1721606400,6.436,6.477,6.084,6.101,880235.61234851
1721692800,6.096,6.165,5.806,5.918,1041422.20209188
1721779200,5.916,5.998,5.657,5.749,864175.4109387
1721865600,5.746,5.778,5.54,5.756,1054584.24084594
1721952000,5.754,5.89,5.724,5.868,751320.78307784
1722038400,5.868,5.943,5.716,5.826,531533.65365488
1722124800,5.824,5.842,5.672,5.721,350627.66196279
1722211200,5.72,5.877,5.622,5.651,686719.24979972
1722297600,5.65,5.722,5.481,5.516,692579.30902317
1722384000,5.515,5.556,5.333,5.386,1559192.18152208
1722470400,5.388,5.421,5.024,5.336,1183706.25444021
1722556800,5.336,5.366,4.995,5.117,979363.35803709
1722643200,5.116,5.203,4.855,5.043,1066223.04915155
1722729600,5.038,5.094,4.533,4.689,1157668.95673985
1722816000,4.686,4.724,3.615,4.204,5489442.93599126
1722902400,4.205,4.606,4.197,4.515,2602225.56578539
1722988800,4.511,4.645,4.406,4.582,1439059.89124334
1723075200,4.579,4.906,4.483,4.881,1309083.67961169
1723161600,4.879,4.926,4.734,4.785,901704.60917883
1723248000,4.783,4.833,4.724,4.755,311206.7539268
1723334400,4.757,4.828,4.468,4.494,474065.65427159
1723420800,4.498,4.68,4.451,4.587,778366.47898776
1723507200,4.588,4.614,4.399,4.55,762001.54276284
1723593600,4.55,4.555,4.349,4.385,799193.5602187
1723680000,4.383,4.481,4.23,4.278,793491.69304813
1723766400,4.278,4.388,4.213,4.294,704250.14617321
1723852800,4.29,4.383,4.276,4.371,345598.34331672
1723939200,4.365,4.527,4.345,4.392,534661.74131279
1724025600,4.389,4.504,4.346,4.483,636419.25609095
1724112000,4.483,4.606,4.455,4.522,692840.71973126
1724198400,4.523,4.755,4.5,4.664,848871.60831394
1724284800,4.668,4.713,4.594,4.689,941404.87445134
1724371200,4.691,4.957,4.684,4.894,1084222.50640651
1724457600,4.895,5.102,4.848,4.985,1146790.30020631
1724544000,4.983,4.995,4.747,4.823,1047076.2118202
1724630400,4.825,4.868,4.532,4.559,1030119.69999366
1724716800,4.558,4.658,4.242,4.38,1315599.08529354
1724803200,4.375,4.453,4.166,4.255,1171639.98603122
1724889600,4.255,4.409,4.18,4.253,571891.01886165
1724976000,4.251,4.334,4.102,4.278,681436.5348825
1725062400,4.277,4.317,4.218,4.259,232421.50590801
1725148800,4.256,4.258,4.034,4.07,416668.29260062
1725235200,4.068,4.232,4.054,4.209,419638.29659307
1725321600,4.21,4.283,4.054,4.063,489882.84648331
1725408000,4.065,4.196,3.866,4.11,1580356.52986676
1725494400,4.11,4.127,3.974,4.02,422586.88455269
1725580800,4.021,4.097,3.82,3.958,895006.38738965
1725667200,3.959,4.133,3.933,4.081,394478.50808444
1725753600,4.08,4.206,4.057,4.163,315672.35261025
1725840000,4.165,4.34,4.112,4.288,404257.70061028
1725926400,4.287,4.289,4.197,4.251,282096.38112802
1726012800,4.252,4.258,4.052,4.191,616538.49432051
1726099200,4.191,4.3,4.188,4.294,355212.08386937
1726185600,4.295,4.473,4.272,4.423,328704.12359179
1726272000,4.423,4.445,4.348,4.439,207749.74676415
1726358400,4.438,4.557,4.355,4.396,313536.74655029
1726444800,4.389,4.391,4.148,4.195,428358.90813981
1726531200,4.193,4.29,4.13,4.159,359412.1465779
1726617600,4.157,4.187,3.975,4.177,686909.14913489
1726704000,4.178,4.351,4.178,4.255,1068943.49348308
1726790400,4.256,4.403,4.191,4.342,597425.72183843
1726876800,4.34,4.479,4.284,4.463,448019.50185563
1726963200,4.467,4.482,4.236,4.309,343067.71926247
1727049600,4.312,4.464,4.235,4.46,545162.02730238
1727136000,4.461,4.684,4.401,4.634,1020676.19159933
1727222400,4.635,4.773,4.59,4.636,544184.11055003
1727308800,4.635,4.877,4.564,4.816,781331.83628762
1727395200,4.815,4.966,4.809,4.883,1014687.56999475
1727481600,4.883,5,4.747,4.797,682273.09120887
1727568000,4.796,4.859,4.684,4.766,346793.83868111
1727654400,4.767,4.771,4.4,4.432,914217.93990005
1727740800,4.43,4.561,4.047,4.152,1233962.88816945
1727827200,4.151,4.269,4.005,4.101,1481667.671837
1727913600,4.101,4.173,3.99,4.13,805204.43255053
1728000000,4.129,4.211,4.106,4.194,784785.40792779
1728086400,4.192,4.232,4.075,4.138,248186.87818406
1728172800,4.138,4.195,4.099,4.189,242774.7841927
1728259200,4.19,4.271,4.127,4.129,475456.64137772
1728345600,4.131,4.183,4.044,4.101,530452.52305243
1728432000,4.103,4.147,3.949,4.021,408679.41064141
1728518400,4.022,4.073,3.959,4.07,402712.59447197
1728604800,4.069,4.194,4.049,4.17,356499.50416811
1728691200,4.171,4.262,4.15,4.205,351885.21198759
1728777600,4.206,4.215,4.084,4.162,285338.90194146
1728864000,4.163,4.399,4.133,4.375,571784.36847748
1728950400,4.378,4.533,4.292,4.407,668980.47213804
1729036800,4.408,4.409,4.286,4.311,332325.68489963
1729123200,4.313,4.35,4.145,4.19,458142.4295521
1729209600,4.189,4.311,4.173,4.311,351439.74852337
1729296000,4.314,4.483,4.311,4.431,564303.1590249
1729382400,4.432,4.593,4.358,4.577,468312.86742199
1729468800,4.577,4.613,4.333,4.376,555231.85016899
1729555200,4.378,4.433,4.268,4.32,565197.85527926
1729641600,4.322,4.327,4.1,4.206,571208.07922303
1729728000,4.205,4.255,4.14,4.203,424883.11988069
1729814400,4.205,4.216,3.85,3.99,813167.81706707
1729900800,3.989,4.056,3.939,4.029,424939.97789888
1729987200,4.03,4.129,4.001,4.126,259030.70518441
1730073600,4.126,4.223,4,4.128,1190692.52496901
1730160000,4.129,4.25,4.073,4.194,1261420.08863983
1730246400,4.193,4.217,4.116,4.19,455266.21662534
1730332800,4.197,4.213,3.896,3.954,1190249.26832228
1730419200,3.954,3.993,3.846,3.908,1132069.50747378
1730505600,3.906,3.944,3.823,3.907,445985.41884835
1730592000,3.908,3.928,3.665,3.785,909389.67970974
1730678400,3.782,3.835,3.676,3.749,598701.32349447
1730764800,3.75,3.916,3.744,3.858,837586.98888689
1730851200,3.857,4.13,3.857,4.114,1804585.55013972
1730937600,4.118,4.2,4.049,4.167,1064616.19421169
1731024000,4.167,4.394,4.12,4.327,2387484.98099612
1731110400,4.326,4.643,4.265,4.63,1389201.35645466
1731196800,4.633,5.481,4.586,5.246,4315356.82479391
1731283200,5.247,5.789,4.977,5.718,4053392.69874233
1731369600,5.717,5.844,5.121,5.314,5060834.379374
1731456000,5.311,5.439,4.916,5.078,4375000.0888864
1731542400,5.079,5.217,4.685,4.777,3277663.66896981
1731628800,4.774,5.176,4.708,5.162,3197024.6905154
1731715200,5.162,5.804,5.136,5.785,3811610.36434178
1731801600,5.786,6.144,5.309,5.423,3554402.17340548
1731888000,5.424,6.1,5.397,6.014,3360737.35698944
1731974400,6.014,6.046,5.668,5.816,2034897.69306423
1732060800,5.812,6.084,5.536,5.726,2998576.17177133
1732147200,5.728,5.968,5.479,5.935,3149328.97510311
1732233600,5.939,6.696,5.888,6.642,5318579.5360376
1732320000,6.64,9.466,6.596,8.525,14100014.31584786
1732406400,8.525,10.8,8.024,8.835,12926061.42758622
1732492800,8.836,9.372,8.097,8.227,5165783.46902828
1732579200,8.227,8.467,7.54,8.064,4329959.40241413
1732665600,8.063,8.584,7.838,8.468,4437996.98536744
1732752000,8.468,8.754,8.005,8.611,2751117.39200835
1732838400,8.616,9.08,8.442,9.029,2678953.06458568
1732924800,9.026,9.226,8.608,8.951,2552152.48243048
1733011200,8.951,9.393,8.703,9.295,2234928.16632463
1733097600,9.296,10.202,8.452,10.017,4891169.52941037
1733184000,10.016,10.388,9.056,9.79,5693548.46924542
1733270400,9.79,11.65,9.675,10.532,7233689.7349273
1733356800,10.533,11.25,9.907,10.377,5989427.44014992
1733443200,10.378,10.899,10.02,10.69,3499320.65669505
1733529600,10.688,10.937,10.315,10.601,2818229.72124123
1733616000,10.6,10.821,10.201,10.401,1865875.04423416
1733702400,10.403,10.405,7.55,8.475,5018808.61350821
1733788800,8.478,8.73,7.589,8.395,5685497.82240243
1733875200,8.398,9.28,8.032,9,3971557.64444456
1733961600,9.001,9.678,8.914,9.064,3727689.86542134
1734048000,9.064,9.236,8.779,9.08,2301190.17483491
1734134400,9.078,9.212,8.348,8.55,2058188.89352905
1734220800,8.553,9.295,8.366,9.027,2439212.48237782
1734307200,9.029,9.197,8.584,8.755,2318051.71787625
1734393600,8.757,8.971,8.376,8.491,1548320.31987846
1734480000,8.492,8.551,7.573,7.673,2918112.68564625
1734566400,7.672,7.797,6.755,6.944,4108727.94630484
1734652800,6.946,7.356,6.032,7.288,4436120.42776751
1734739200,7.285,7.8,6.832,6.969,2458450.72920525
1734825600,6.971,7.262,6.677,6.835,1881744.30114734
1734912000,6.834,7.557,6.649,7.374,1956052.08408314
1734998400,7.372,7.635,7.143,7.543,1420020.73213004
1735084800,7.541,7.675,7.349,7.495,761458.18849621
1735171200,7.497,7.585,6.87,6.925,1420717.08833585
1735257600,6.927,7.3,6.803,6.9,935339.65801518
1735344000,6.9,7.17,6.784,7.101,602980.04170522
1735430400,7.101,7.139,6.798,6.853,444204.77405582
1735516800,6.855,7.095,6.526,6.69,1169782.60835659
1735603200,6.688,6.919,6.556,6.626,979517.76191019
1735689600,6.627,7.127,6.509,7.037,1092293.14780781
1735776000,7.039,7.353,7.039,7.169,1397072.24064484
1735862400,7.171,7.998,7.128,7.748,2328752.25326438
1735948800,7.751,7.879,7.608,7.675,1016169.27697262
1736035200,7.677,7.732,7.46,7.666,695265.46048468
1736121600,7.671,7.991,7.541,7.773,2014219.05747139
1736208000,7.769,7.886,7.004,7.006,2039773.84410184
1736294400,7.011,7.132,6.422,6.758,2478252.82522369
1736380800,6.757,6.844,6.452,6.558,1718135.32219575
1736467200,6.557,6.809,6.482,6.731,1215620.56770438
1736553600,6.731,6.874,6.583,6.738,673660.58829674
1736640000,6.74,6.815,6.535,6.628,586181.81718029
1736726400,6.63,6.804,5.992,6.394,1790695.43563501
1736812800,6.395,6.686,6.364,6.664,1709975.35569528
1736899200,6.666,7.196,6.554,7.163,1989547.06108373
1736985600,7.165,7.389,6.844,7.15,2164560.80385647
1737072000,7.152,7.609,7.152,7.508,1926165.73538186
1737158400,7.509,7.59,6.834,7.035,2075944.84107102
1737244800,7.036,7.23,6.096,6.239,4003143.6020678
1737331200,6.235,7.091,6.051,6.374,4464803.41578782
1737417600,6.37,6.846,6.148,6.624,2285510.96901683
1737504000,6.622,6.694,6.411,6.442,1083209.99207778
1737590400,6.441,6.503,6.196,6.351,1603288.34330222
1737676800,6.352,6.545,6.2,6.318,1371739.9167707
1737763200,6.318,6.408,6.245,6.322,773212.20068168
1737849600,6.323,6.47,6.163,6.177,964616.38878829
1737936000,6.174,6.209,5.485,5.952,2949415.29154932
1738022400,5.951,6.035,5.597,5.648,1494222.4658441
1738108800,5.645,5.877,5.541,5.766,1703023.7565642
1738195200,5.766,6.255,5.721,6.124,1524915.4009602
1738281600,6.125,6.499,6.029,6.318,2492034.25078029
1738368000,6.316,6.491,5.858,5.905,1873771.59532788
1738454400,5.905,6.046,4.91,5.155,4527915.23424782
1738540800,5.155,5.287,3.98,5.19,8935939.04820384
1738627200,5.188,5.236,4.583,4.742,4679518.22376817
1738713600,4.746,4.864,4.63,4.689,2299174.22140523
1738800000,4.686,4.839,4.445,4.491,2084304.14073596
1738886400,4.49,4.941,4.458,4.592,2696147.57060067
1738972800,4.591,4.765,4.499,4.745,906887.29187684
1739059200,4.745,4.879,4.51,4.765,1887671.70975169
1739145600,4.765,4.92,4.61,4.846,1488929.37174824
1739232000,4.847,5.211,4.747,4.809,2027744.89253759
1739318400,4.808,5.328,4.754,5.226,3092453.58149971
1739404800,5.229,5.276,5.068,5.133,1497144.09011625
1739491200,5.133,5.382,5.098,5.171,1847363.82948212
1739577600,5.171,5.22,4.974,5.022,1129745.14192358
1739664000,5.023,5.045,4.828,4.878,746708.59607161
1739750400,4.878,5.07,4.775,4.889,1208873.49275065
1739836800,4.888,4.918,4.558,4.766,1906487.24214676
1739923200,4.766,4.906,4.697,4.891,974078.47674118
1740009600,4.887,5.071,4.881,5.047,1540080.5021266
1740096000,5.047,5.341,4.948,5.059,1701749.03372175
1740182400,5.057,5.218,5.028,5.043,1094753.86577654
1740268800,5.043,5.133,4.905,4.953,602686.01742879
1740355200,4.954,4.981,4.34,4.416,1502034.66929338
1740441600,4.415,4.754,4.139,4.632,3026479.12712469
1740528000,4.638,4.925,4.588,4.747,1641813.25559442
1740614400,4.748,5.178,4.707,4.928,2237253.09618337
1740700800,4.929,4.929,4.448,4.71,2387842.7145579
1740787200,4.712,4.817,4.523,4.659,976417.54427656
1740873600,4.658,5.228,4.568,5.203,1965737.00573455
1740960000,5.205,5.248,4.427,4.47,2608508.44646538
1741046400,4.469,4.511,4.015,4.33,2524749.80545255
1741132800,4.328,4.551,4.278,4.524,1179034.89474883
1741219200,4.526,4.663,4.342,4.431,1317191.74412759
1741305600,4.433,4.677,4.213,4.412,2081406.89557218
1741392000,4.403,4.444,4.26,4.288,970685.55117935
1741478400,4.288,4.351,3.98,4.018,1850659.46648821
1741564800,4.018,4.285,3.775,3.868,2000282.52476795
1741651200,3.869,4.121,3.661,4.042,2404155.6499185
1741737600,4.042,4.095,3.847,3.968,1883498.14447928
1741824000,3.968,4.109,3.825,3.978,1613207.00348268
1741910400,3.979,4.227,3.968,4.186,1623409.51409037
1741996800,4.187,4.428,4.185,4.35,1334118.23846082
1742083200,4.351,4.364,4.183,4.299,976240.79089504
1742169600,4.299,4.465,4.298,4.371,1139011.35303412
1742256000,4.372,4.485,4.233,4.446,1141565.7026766
1742342400,4.452,4.597,4.436,4.539,1969865.76068577
1742428800,4.54,4.569,4.325,4.399,1194688.62880272
1742515200,4.396,4.583,4.376,4.497,1876466.99546252
1742601600,4.497,4.545,4.413,4.447,914871.45141668
1742688000,4.444,4.517,4.399,4.502,610819.49491775
1742774400,4.5,4.772,4.47,4.625,1569409.91212915
1742860800,4.62,4.722,4.585,4.64,861146.73115637
1742947200,4.638,4.768,4.597,4.692,1516507.90221289
1743033600,4.694,4.759,4.496,4.626,1326354.01505519
1743120000,4.621,4.645,4.241,4.28,1754606.54957867
1743206400,4.28,4.301,3.995,4.049,1280103.62709419
1743292800,4.047,4.174,3.986,4.042,1031219.89251174
1743379200,4.043,4.093,3.949,4.022,1138785.20109296
1743465600,4.019,4.283,4.015,4.172,904730.12155927
1743552000,4.171,4.239,3.911,3.964,1827770.20950263
1743638400,3.963,4.108,3.845,4.057,1773246.16353314
1743724800,4.058,4.135,3.947,4.034,1358993.56795677
1743811200,4.032,4.067,3.896,3.954,700815.7452802
1743897600,3.954,3.974,3.6,3.682,1529351.12576399
1743984000,3.682,3.733,3.303,3.592,6004146.91099456
1744070400,3.591,3.703,3.338,3.374,3043139.20227525
1744156800,3.373,3.752,3.248,3.641,5707638.92604094
1744243200,3.641,3.647,3.39,3.463,2682224.94721419
1744329600,3.465,3.598,3.45,3.556,1684615.39766621
1744416000,3.557,3.757,3.526,3.713,1230735.4199414
1744502400,3.714,3.815,3.615,3.665,2029011.08871428
1744588800,3.667,3.797,3.632,3.676,1929967.90472945
1744675200,3.674,3.735,3.517,3.52,1269984.82001036
1744761600,3.519,3.62,3.469,3.556,1178317.31821199
1744848000,3.555,3.698,3.539,3.635,1063760.22609375
1744934400,3.636,3.748,3.611,3.672,1041609.36203828
1745020800,3.676,3.892,3.646,3.88,985343.72076727
1745107200,3.881,3.95,3.789,3.879,1114870.18981769
1745193600,3.88,3.981,3.77,3.78,1143567.51255006
1745280000,3.78,4.04,3.691,4.011,1336366.16230692
1745366400,4.011,4.199,3.999,4.093,2378948.938693
1745452800,4.094,4.287,3.93,4.269,1886194.91132305
1745539200,4.27,4.374,4.214,4.259,1910543.65314402
1745625600,4.257,4.365,4.202,4.265,1131740.67719154
1745712000,4.267,4.291,4.057,4.09,1123528.19206443
1745798400,4.091,4.266,4.012,4.241,1384339.61795969
1745884800,4.243,4.329,4.102,4.148,1096772.55714191
1745971200,4.148,4.176,4.03,4.068,1105359.57722332
1746057600,4.067,4.226,4.066,4.178,844898.77769059
1746144000,4.179,4.288,4.127,4.163,783770.57115021
1746230400,4.163,4.174,4.015,4.029,585068.40458686
1746316800,4.029,4.051,3.901,3.921,1187425.26680855
1746403200,3.92,4.021,3.883,3.918,937990.08829128
1746489600,3.918,3.977,3.823,3.97,1451254.46031311
1746576000,3.971,4.07,3.881,3.969,1099046.38759078
1746662400,3.969,4.493,3.965,4.455,2412531.14661599
1746748800,4.453,4.861,4.434,4.802,2996845.66664848
1746835200,4.797,5.324,4.797,5.311,3546202.55104839
1746921600,5.311,5.362,4.949,5.098,2400096.13756412
1747008000,5.096,5.394,4.884,5.068,2815193.14607764
1747094400,5.067,5.273,4.824,5.193,2124989.10541768
1747180800,5.197,5.267,4.945,4.982,1487145.24648318
1747267200,4.983,5.029,4.681,4.778,1828835.38002364
1747353600,4.78,4.958,4.712,4.757,1125550.81443211
1747440000,4.757,4.77,4.558,4.615,1097688.93885428
1747526400,4.612,4.923,4.514,4.795,1036806.02817512
1747612800,4.796,4.821,4.415,4.598,1015206.67223511
1747699200,4.598,4.728,4.515,4.676,1030195.79534064
1747785600,4.679,4.88,4.615,4.741,1678749.70191434
1747872000,4.743,4.98,4.733,4.949,1079053.07780193
1747958400,4.949,5.12,4.532,4.563,1832123.96903121
1748044800,4.562,4.636,4.515,4.548,609051.50488942
1748131200,4.546,4.566,4.356,4.525,964225.13107469
1748217600,4.527,4.62,4.427,4.47,693886.48044876
1748304000,4.47,4.617,4.373,4.537,1035546.46878806
1748390400,4.538,4.663,4.419,4.589,645473.42983889
1748476800,4.59,4.682,4.331,4.333,1118868.7190388
1748563200,4.333,4.358,4.011,4.049,1401559.99141435
1748649600,4.053,4.123,3.899,4.078,1042960.14217563
1748736000,4.079,4.103,3.973,4.068,632004.74646713
1748822400,4.069,4.174,3.955,4.15,956136.79902537
1748908800,4.151,4.225,4.099,4.14,799704.65885499
1748995200,4.139,4.215,3.986,4.008,1087724.70062311
1749081600,4.008,4.078,3.741,3.816,1324892.32582843
1749168000,3.817,3.994,3.804,3.889,611632.93997484
1749254400,3.889,4.061,3.871,4.031,463261.14843281
1749340800,4.032,4.114,3.978,4.026,568280.92518358
1749427200,4.026,4.163,3.965,4.154,820950.32040572
1749513600,4.153,4.317,4.097,4.296,1610033.72303717
1749600000,4.295,4.344,4.147,4.189,1258195.91585733
1749686400,4.189,4.205,3.91,3.921,1230450.5568339
1749772800,3.921,3.921,3.671,3.84,2018016.31277381
1749859200,3.839,3.848,3.718,3.782,745228.37723259
1749945600,3.783,3.835,3.735,3.822,554637.93129412
1750032000,3.821,3.994,3.787,3.849,1309077.39927755
1750118400,3.848,3.897,3.664,3.719,1210291.49030582
1750204800,3.721,3.788,3.576,3.625,1165226.39683667
1750291200,3.626,3.658,3.498,3.55,997849.95524562
1750377600,3.552,3.578,3.337,3.439,1934274.76506462
1750464000,3.44,3.509,3.212,3.325,1243044.81351744
1750550400,3.326,3.365,3.017,3.154,3245360.85006251
1750636800,3.154,3.431,3.113,3.418,2413253.72682995
1750723200,3.419,3.524,3.389,3.441,1224276.53332018
1750809600,3.438,3.48,3.343,3.354,1188431.15138744
1750896000,3.353,3.435,3.272,3.301,1252789.35881127
1750982400,3.301,3.396,3.274,3.362,963945.33091739
1751068800,3.361,3.427,3.332,3.409,433362.01664315
1751155200,3.41,3.584,3.38,3.544,809414.76718234
1751241600,3.544,3.561,3.351,3.398,1008707.51695849
1751328000,3.398,3.421,3.256,3.28,1083912.68617736
1751414400,3.282,3.625,3.244,3.546,1801515.56043896
1751500800,3.547,3.665,3.499,3.541,1346487.18782292
1751587200,3.543,3.563,3.315,3.359,1293515.99095577
1751673600,3.359,3.392,3.311,3.357,464350.60956787
1751760000,3.358,3.448,3.33,3.397,912135.92951495
1751846400,3.398,3.438,3.325,3.367,913255.92710899
1751932800,3.368,3.478,3.326,3.451,984159.46231925
1752019200,3.451,3.659,3.417,3.625,1306824.03215908
1752105600,3.626,3.893,3.59,3.881,2185035.5353694
1752192000,3.882,4.11,3.812,3.909,2439656.78878304
1752278400,3.906,4.067,3.797,3.893,1614969.7677089
1752364800,3.893,4.07,3.877,3.989,1115413.93429635
1752451200,3.987,4.198,3.901,3.951,2060372.05692357
1752537600,3.95,4.099,3.802,4.083,1926668.48827549
1752624000,4.084,4.271,4.011,4.162,1971746.31821327
1752710400,4.162,4.313,4.067,4.266,2809636.23589429
1752796800,4.264,4.628,4.14,4.228,4333046.82965397
1752883200,4.23,4.456,4.136,4.411,1225133.00577622
1752969600,4.412,4.588,4.35,4.482,2178652.28486661
1753056000,4.484,4.676,4.396,4.496,2876659.6676154
1753142400,4.499,4.556,4.278,4.551,2980303.1752726
1753228800,4.55,4.552,4,4.112,3709398.5975646
1753315200,4.114,4.201,3.897,4.004,3284378.98702055
1753401600,4.004,4.101,3.864,4.088,2296087.97885869
1753488000,4.088,4.199,4.069,4.126,1035170.53127158
1753574400,4.125,4.254,4.116,4.238,994608.23468661
1753660800,4.241,4.31,3.931,3.966,1938596.08012395
1753747200,3.967,4.082,3.819,3.903,2138051.74276947
1753833600,3.903,3.922,3.627,3.806,2534371.91892173
1753920000,3.805,3.92,3.667,3.681,1611646.015035
1754006400,3.683,3.724,3.446,3.545,3361419.20651669
1754092800,3.545,3.629,3.426,3.505,1846398.56578268
1754179200,3.505,3.627,3.458,3.604,1022531.80003698
1754265600,3.604,3.757,3.599,3.719,1182589.84637826
1754352000,3.719,3.724,3.538,3.621,1286941.93536764
1754438400,3.619,3.697,3.554,3.676,1049538.93384203
1754524800,3.675,3.873,3.645,3.868,1624216.70121944
1754611200,3.868,3.998,3.808,3.979,2789650.32182299
1754697600,3.98,4.166,3.971,4.137,2010525.94904853
1754784000,4.138,4.181,3.965,4.047,1740383.97309177
1754870400,4.049,4.162,3.811,3.854,2501552.92493338
1754956800,3.855,4.233,3.835,4.156,3138502.73478921
1755043200,4.158,4.32,4.096,4.278,3127312.61446615
1755129600,4.278,4.371,3.906,3.983,4512689.89015089
1755216000,3.983,4.111,3.82,3.897,3424282.15492681
1755302400,3.894,3.999,3.892,3.967,1074280.2129173
1755388800,3.967,4.196,3.93,4.056,1689801.03809784
1755475200,4.054,4.063,3.83,3.915,2910290.50676728
1755561600,3.916,3.962,3.712,3.721,3144351.29971532
1755648000,3.722,3.905,3.697,3.884,1950779.74469493
1755734400,3.885,3.923,3.765,3.797,1448201.45077555
1755820800,3.798,4.206,3.688,4.183,3606499.36736932
1755907200,4.184,4.262,4.021,4.226,2132614.18774528
1755993600,4.225,4.281,4.014,4.109,3083729.17263938
1756080000,4.107,4.144,3.693,3.733,3647995.01377795
1756166400,3.732,3.923,3.708,3.887,2419295.92748025
1756252800,3.886,3.934,3.821,3.836,3505256.24165684
1756339200,3.835,4.102,3.806,3.98,4417131.06657193
1756425600,3.98,4.001,3.724,3.775,5184523.53097999
1756512000,3.774,3.825,3.712,3.81,1730231.63958276
1756598400,3.81,3.875,3.736,3.743,1931544.06274396
1756684800,3.741,3.886,3.614,3.695,2965785.00805909
1756771200,3.693,3.825,3.678,3.819,2195260.85956934
1756857600,3.82,3.906,3.785,3.867,1541581.25752855
1756944000,3.867,3.877,3.726,3.764,1461928.30907523
1757030400,3.764,3.896,3.757,3.827,2008553.69713215
1757116800,3.827,3.885,3.781,3.826,854520.75758427
1757203200,3.826,4.088,3.823,3.995,2206540.95009751
1757289600,3.993,4.081,3.981,4.045,2380421.73971847
1757376000,4.045,4.182,4.005,4.139,3139190.76380495
1757462400,4.139,4.226,4.054,4.218,2103949.84629832
1757548800,4.217,4.258,4.135,4.244,1640551.36091726
1757635200,4.243,4.325,4.154,4.322,2110300.03755319
1757721600,4.322,4.627,4.306,4.495,4576299.16099944
1757808000,4.494,4.501,4.278,4.317,2185486.11684744
1757894400,4.316,4.404,4.106,4.153,2716941.04089309
1757980800,4.152,4.297,4.111,4.256,2301171.82131902
1758067200,4.255,4.434,4.137,4.407,3225576.91947611
1758153600,4.407,4.597,4.375,4.533,3947562.34052842
1758240000,4.535,4.881,4.32,4.361,6551561.32591603
1758326400,4.358,4.466,4.291,4.359,2105710.25521803
1758412800,4.357,4.389,4.24,4.263,1596245.271667
1758499200,4.262,4.282,3.828,4.041,4692234.78309975
1758585600,4.04,4.064,3.943,3.966,2119864.17251237
1758672000,3.967,4.117,3.891,3.995,2140191.42468846
1758758400,3.993,4.005,3.773,3.807,3972803.62955908
1758844800,3.808,3.973,3.78,3.925,2586135.15886097
1758931200,3.925,3.928,3.794,3.891,2191036.9039484
1759017600,3.892,4.028,3.795,3.997,1380375.93749221
1759104000,3.996,4.024,3.861,3.982,1816190.67621127
1759190400,3.981,3.993,3.808,3.911,1687657.17015973
1759276800,3.91,4.127,3.885,4.127,2351356.62751302
1759363200,4.128,4.342,4.101,4.31,2435728.15360139
1759449600,4.312,4.385,4.183,4.32,2642582.63293278
1759536000,4.322,4.33,4.133,4.192,1459805.48921378
1759622400,4.193,4.376,4.079,4.135,1878697.36919501
1759708800,4.135,4.44,4.112,4.399,2664598.49959281
1759795200,4.398,4.436,4.111,4.142,2804207.92445732
1759881600,4.139,4.243,4.057,4.197,2182005.64681484
1759968000,4.198,4.2,3.966,4.077,1988800.38308286
1760054400,4.077,4.291,2.86,3.139,8701846.93824931
1760140800,3.139,3.32,2.898,3.002,7521913.36809074
1760227200,3,3.312,2.914,3.248,4527037.30580214
1760313600,3.244,3.449,3.197,3.377,3988719.01371874
1760400000,3.379,3.403,3.069,3.249,5622984.15131948
1760486400,3.249,3.341,3.093,3.139,3326061.75575487
1760572800,3.139,3.207,2.972,3.019,3474541.51793461
1760659200,3.019,3.06,2.774,2.893,4738871.60054791
1760745600,2.894,2.972,2.891,2.934,925400.12528975
1760832000,2.935,3.058,2.886,3.009,1705940.37365015
1760918400,3.009,3.133,2.949,3.085,1787470.85672198
1761004800,3.084,3.189,2.95,3.007,2552560.36472793
1761091200,3.007,3.032,2.837,2.919,3148674.53033168
1761177600,2.918,3.038,2.913,3.005,1947561.49675538
1761264000,3.004,3.123,2.993,3.08,1683143.35553007
1761350400,3.08,3.107,3.027,3.091,507477.5720274
1761436800,3.092,3.239,3.059,3.195,1306882.65129784
1761523200,3.195,3.247,3.118,3.138,1905640.25203474
1761609600,3.138,3.195,2.992,3.051,1780665.88767461
1761696000,3.05,3.177,3.027,3.079,2093913.96144303
1761782400,3.078,3.119,2.782,2.871,2989833.0833167
1761868800,2.869,2.925,2.825,2.882,2030892.43726297
1761955200,2.881,2.973,2.864,2.97,1123002.68952338
1762041600,2.969,3.013,2.865,2.987,1290618.84567781
1762128000,2.987,2.993,2.504,2.586,3744182.84079993
1762214400,2.586,2.662,2.344,2.507,3275079.96597727
1762300800,2.508,2.677,2.386,2.67,2098069.7265551
1762387200,2.669,2.688,2.53,2.667,3939876.95719122
1762473600,2.666,3.344,2.663,3.259,7768293.64623331
1762560000,3.26,3.529,3.087,3.251,8265074.02246406
1762646400,3.249,3.311,3.039,3.231,4698677.6316429
1762732800,3.231,3.316,3.124,3.265,2945394.15777137
1762819200,3.266,3.385,3.039,3.052,4329452.33318409
1762905600,3.053,3.146,2.876,2.928,2044052.04367569
1762992000,2.926,3.046,2.763,2.852,2968125.68645136
1763078400,2.851,2.92,2.755,2.811,2605771.73359502
1763164800,2.811,2.948,2.81,2.83,1663339.25315794
1763251200,2.83,2.895,2.694,2.784,2088976.89151252
1763337600,2.783,2.864,2.624,2.663,2178642.73676526
1763424000,2.663,2.8,2.614,2.753,1870360.86522903
1763510400,2.753,2.765,2.567,2.689,1721506.56354991
1763596800,2.69,2.819,2.504,2.54,2392312.87133397
1763683200,2.54,2.59,2.272,2.346,3480762.06783253
1763769600,2.345,2.356,2.256,2.31,1263839.47521313
1763856000,2.31,2.368,2.248,2.255,1364524.01959886
1763942400,2.254,2.396,2.242,2.339,1760141.40085338
1764028800,2.34,2.349,2.177,2.298,1882918.61233916
1764115200,2.299,2.387,2.241,2.343,1451447.64558559
1764201600,2.345,2.391,2.307,2.336,897099.23054207
1764288000,2.335,2.376,2.261,2.284,1503245.54017983
1764374400,2.284,2.299,2.229,2.258,724223.30994627
1764460800,2.257,2.294,2.205,2.209,744647.22686534
1764547200,2.209,2.21,1.963,2.042,3329076.12553668
1764633600,2.042,2.285,2.032,2.255,2021259.60769189
1764720000,2.256,2.399,2.242,2.366,1532486.90296345
1764806400,2.366,2.375,2.245,2.273,1245266.77836849
1764892800,2.273,2.307,2.085,2.126,1561148.60954572
1764979200,2.126,2.165,2.088,2.128,1009704.45148109
1765065600,2.128,2.16,2.04,2.094,1522197.27625995
1765152000,2.095,2.178,2.084,2.13,1353974.23475361
1765238400,2.129,2.391,2.09,2.294,2675625.20571724
1765324800,2.295,2.316,2.183,2.19,1791001.7069225
1765411200,2.189,2.193,2.01,2.066,2128416.79195297
1765497600,2.065,2.096,1.947,2.012,2285980.17071724
1765584000,2.014,2.057,2.007,2.038,796820.00219714
1765670400,2.038,2.046,1.932,1.953,1558897.10227484
1765756800,1.953,2.009,1.831,1.901,2333733.26393109
1765843200,1.9,1.943,1.863,1.897,1645584.66487571
1765929600,1.897,1.953,1.79,1.814,2386260.65469055
1766016000,1.813,1.887,1.722,1.759,1985346.75729156
1766102400,1.759,1.879,1.738,1.848,1828192.22013754
1766188800,1.848,1.868,1.826,1.831,1134081.19056591
1766275200,1.832,1.851,1.751,1.802,985710.1089308
1766361600,1.803,1.852,1.755,1.783,1477294.55101782
1766448000,1.782,1.8,1.728,1.763,1473180.87836304
1766534400,1.764,1.775,1.706,1.737,1463930.76447025
1766620800,1.738,1.752,1.677,1.684,1104047.9954462
1766707200,1.684,1.751,1.654,1.722,1935152.39119661
1766793600,1.722,1.925,1.721,1.909,2424630.41099268
1766880000,1.908,1.914,1.827,1.849,1387173.71288475
1766966400,1.849,1.902,1.816,1.821,2596647.03423561
1767052800,1.822,1.844,1.79,1.808,1834327.4844202
1767139200,1.808,1.842,1.762,1.787,2526646.27854213
1767225600,1.788,2.029,1.762,1.999,3187244.27260066
1767312000,1.997,2.169,1.967,2.166,3235871.93246593
1767398400,2.167,2.217,2.108,2.123,2045884.11012242
1767484800,2.124,2.18,2.115,2.142,1371505.85779318
1767571200,2.142,2.234,2.095,2.207,2588564.26558593
1767657600,2.206,2.262,2.114,2.234,2597536.60356861
1767744000,2.234,2.246,2.119,2.141,1663268.38266259
1767830400,2.142,2.156,2.081,2.11,1464936.07556865
1767916800,2.11,2.141,2.047,2.08,2032698.25779907
1768003200,2.081,2.128,2.067,2.09,1038493.58910449
1768089600,2.09,2.122,2.033,2.068,742295.91350467
1768176000,2.067,2.149,2.016,2.051,1661754.80709288
1768262400,2.051,2.34,2.05,2.282,5229028.99418919
1768348800,2.282,2.298,2.195,2.224,3103044.70249708
1768435200,2.224,2.237,2.096,2.116,2267333.47737554
1768521600,2.116,2.155,2.056,2.118,2025990.42801261
1768608000,2.118,2.234,2.112,2.177,2207571.15172351
1768694400,2.178,2.201,2.062,2.064,1478610.16874825
1768780800,2.063,2.063,1.871,2.028,3360440.27647303
1768867200,2.028,2.049,1.883,1.896,2487626.52554042
1768953600,1.895,1.998,1.871,1.953,2026605.32906425
1769040000,1.952,1.98,1.903,1.924,1636130.49434702
1769126400,1.925,1.983,1.895,1.923,1748790.82501563
1769212800,1.925,1.939,1.897,1.926,776192.52014509
1769299200,1.927,1.94,1.78,1.821,1860245.97665472
1769385600,1.82,1.896,1.817,1.874,2147150.57541884
1769472000,1.872,1.896,1.824,1.874,1337465.07098229
1769558400,1.876,1.893,1.828,1.868,1839300.28436955
1769644800,1.867,1.872,1.695,1.735,2569722.84985922
1769731200,1.736,1.745,1.648,1.687,4280559.24931056
1769817600,1.687,1.688,1.396,1.546,4491008.34424284
1769904000,1.545,1.558,1.457,1.495,2479476.93352796
1769990400,1.496,1.575,1.45,1.541,3668511.96996582
1770076800,1.543,1.564,1.43,1.496,2927242.20783677
1770163200,1.497,1.531,1.423,1.459,2321169.83423604
1770249600,1.459,1.475,1.23,1.244,5549533.57090367
1770336000,1.244,1.407,1.103,1.366,6043331.51296085
1770422400,1.365,1.401,1.317,1.371,3260752.74285817
1770508800,1.371,1.375,1.324,1.336,1735415.79736446
1770595200,1.335,1.349,1.276,1.32,1794102.71457098
1770681600,1.321,1.326,1.264,1.282,1539574.76967928
1770768000,1.283,1.296,1.224,1.255,1980898.17426719
1770854400,1.255,1.303,1.249,1.282,1422280.74529154
1770940800,1.282,1.341,1.252,1.329,1118307.5522327
1771027200,1.329,1.439,1.328,1.42,1025255.5556368
1771113600,1.422,1.438,1.33,1.356,1045836.52997623
1771200000,1.355,1.389,1.332,1.376,950707.4370774
1771286400,1.376,1.38,1.339,1.347,747448.78280632
1771372800,1.346,1.371,1.3,1.312,1206656.60369543
1771459200,1.311,1.321,1.26,1.286,912919.5908015
1771545600,1.285,1.363,1.274,1.339,1635305.09301163
1771632000,1.339,1.397,1.328,1.359,933849.37548621
1771718400,1.359,1.365,1.303,1.312,569995.68529015
1771804800,1.312,1.313,1.238,1.267,1990624.48082773
1771891200,1.268,1.279,1.225,1.239,1149115.78091439
1771977600,1.239,1.752,1.236,1.663,10609795.19434553
1772064000,1.663,1.696,1.522,1.609,6669946.07396275
1772150400,1.608,1.683,1.548,1.599,4432655.05102009
1772236800,1.6,1.675,1.459,1.66,4560537.55511837
1772323200,1.662,1.682,1.505,1.536,2593220.65712264
1772409600,1.535,1.603,1.497,1.509,2689158.08095895
1772496000,1.509,1.557,1.474,1.534,1734986.78070164
1772582400,1.533,1.573,1.509,1.541,2542276.83275571
1772668800,1.54,1.556,1.483,1.529,1629033.79460809
1772755200,1.53,1.548,1.453,1.488,1228310.23195063
1772841600,1.49,1.518,1.432,1.448,719140.28937275
1772928000,1.448,1.485,1.426,1.453,664731.33381928
1773014400,1.453,1.532,1.452,1.494,1514208.52547978
1773100800,1.495,1.546,1.48,1.486,1413693.99925703
1773187200,1.486,1.555,1.474,1.522,1267027.69992468
1773273600,1.523,1.528,1.486,1.517,917602.40077317
1773360000,1.517,1.549,1.447,1.462,1360576.69524183
1773446400,1.462,1.462,1.405,1.416,692862.77339117
1773532800,1.416,1.445,1.393,1.444,1837523.57374193
1773619200,1.445,1.662,1.432,1.642,5201089.54441771
1773705600,1.641,1.642,1.582,1.625,1254710.38034314
1773792000,1.624,1.658,1.54,1.578,2191889.65106203
1773878400,1.577,1.577,1.497,1.522,980502.19514339
1773964800,1.522,1.553,1.495,1.5,1016194.91615781
1774051200,1.5,1.515,1.459,1.468,793529.02336668
1774137600,1.467,1.483,1.393,1.414,900727.03411495
1774224000,1.415,1.493,1.403,1.421,1933716.16758656
1774310400,1.422,1.429,1.359,1.403,1950143.37295717
1774396800,1.404,1.412,1.345,1.362,2192182.89352447
1774483200,1.362,1.368,1.3,1.321,1922566.39225101
1774569600,1.322,1.339,1.269,1.29,1327850.26718927
1774656000,1.291,1.306,1.253,1.258,1027653.70311711
1774742400,1.259,1.274,1.221,1.262,952615.85851229
1774828800,1.262,1.287,1.232,1.243,1768629.74372213
1774915200,1.243,1.277,1.225,1.252,1417769.00030042
1775001600,1.252,1.301,1.246,1.256,1135450.05405844
1775088000,1.256,1.269,1.204,1.238,1019046.51880717
1775174400,1.237,1.266,1.23,1.238,689975.11577102
1775260800,1.238,1.265,1.232,1.253,504628.20821111
1775347200,1.252,1.253,1.217,1.246,973051.22332826
1775433600,1.247,1.316,1.233,1.241,1068324.31780709
1775520000,1.24,1.329,1.206,1.314,1312002.64235632
1775606400,1.314,1.334,1.265,1.268,1165679.86673654
1775692800,1.268,1.361,1.236,1.299,1265241.41813366
1775779200,1.301,1.327,1.281,1.305,1111808.24119975
1775865600,1.305,1.315,1.266,1.288,710519.43175827
1775952000,1.288,1.289,1.217,1.225,845531.12600703
1776038400,1.224,1.244,1.149,1.229,3440530.66569518
1776124800,1.229,1.231,1.148,1.167,2188166.87937593
1776211200,1.166,1.198,1.148,1.182,1072273.68517999
1776297600,1.183,1.353,1.171,1.328,4961428.92101041
1776384000,1.328,1.356,1.285,1.335,1933080.92560709
1776470400,1.334,1.342,1.271,1.272,1740799.05063161
1776556800,1.272,1.291,1.236,1.241,1147416.41079313
1776643200,1.241,1.295,1.239,1.282,850150.64276765
1776729600,1.281,1.292,1.258,1.279,1177175.87512942
1776816000,1.279,1.326,1.27,1.273,1607182.81121292
1776902400,1.274,1.279,1.214,1.241,1468084.35469417
1776988800,1.242,1.269,1.228,1.253,1275850.29286505
1777075200,1.253,1.275,1.238,1.247,842488.41798286
1777161600,1.246,1.274,1.237,1.261,662170.51890252
1777248000,1.262,1.275,1.211,1.232,996301.28445171
1777334400,1.232,1.241,1.216,1.229,668180.53682285
1777420800,1.229,1.258,1.176,1.211,1125106.21073133
1777507200,1.21,1.225,1.197,1.205,664423.65816253
1777593600,1.205,1.228,1.193,1.204,841680.68617514
1777680000,1.205,1.24,1.195,1.227,627333.59977111
1777766400,1.227,1.228,1.204,1.209,571914.73223034
1777852800,1.208,1.262,1.198,1.228,1440423.9199423
1777939200,1.228,1.297,1.225,1.277,1238171.50191297
1778025600,1.278,1.333,1.27,1.318,1310590.24675775
1778112000,1.319,1.338,1.29,1.31,1286413.92822788
1778198400,1.31,1.39,1.297,1.375,1511290.4632939
1778284800,1.376,1.392,1.338,1.346,732516.79201459
1778371200,1.345,1.419,1.329,1.382,3084198.29429756
1778457600,1.382,1.385,1.334,1.362,1421052.17628998
1778544000,1.361,1.368,1.303,1.334,870250.53117682
1778630400,1.335,1.437,1.316,1.327,2369570.8524077
1778716800,1.328,1.422,1.312,1.364,1326190.95696589
1778803200,1.364,1.375,1.288,1.314,1375760.45091023
1778889600,1.314,1.32,1.248,1.266,972403.38826243
1778976000,1.267,1.293,1.216,1.249,735837.814413
1779062400,1.248,1.254,1.215,1.251,1437524.49477466
1779148800,1.251,1.26,1.218,1.224,471337.56648461
1779235200,1.223,1.257,1.219,1.247,717537.87657116
1779321600,1.247,1.308,1.244,1.291,1242758.1020758
1779408000,1.291,1.345,1.249,1.257,1950775.1912022
1779494400,1.257,1.336,1.199,1.295,1500729.12564106
1779580800,1.296,1.296,1.227,1.245,999652.3419895
1779667200,1.245,1.294,1.238,1.26,906175.80409367
1779753600,1.26,1.307,1.234,1.248,1474017.5702333
1779840000,1.249,1.276,1.222,1.228,1437892.25116344
1779926400,1.23,1.234,1.175,1.211,1814608.88238167
1780012800,1.211,1.231,1.176,1.193,2065123.24873778
1780099200,1.193,1.218,1.182,1.188,1394966.26655367
1780185600,1.188,1.201,1.156,1.185,929693.2914597
1780272000,1.186,1.205,1.123,1.158,1769647.94835128
1780358400,1.158,1.159,1.055,1.077,3001368.77012746
1780444800,1.078,1.13,1.055,1.103,1801461.20236042
1780531200,1.102,1.115,1.008,1.037,3454124.84482485
1780617600,1.036,1.041,0.911,0.945,4800193.60448553
1780704000,0.946,0.962,0.885,0.942,1600396.40657697
1780790400,0.943,1.001,0.94,0.973,1438860.59241812
1780876800,0.973,0.995,0.951,0.975,1517732.41903036
1780963200,0.975,0.977,0.928,0.956,1445409.16691254
1781049600,0.957,0.964,0.902,0.916,1204051.48745208
1781136000,0.915,0.973,0.915,0.95,1090840.12905221
1781222400,0.95,0.974,0.939,0.957,992621.11929382
1781308800,0.958,0.994,0.956,0.979,610267.95131996
1781395200,0.979,0.998,0.949,0.997,606371.49400359
1781481600,0.997,1.045,0.987,1.009,2554285.42790848
1781568000,1.009,1.032,0.987,1.013,808659.30276473
1781654400,1.014,1.042,0.986,1.003,1210522.13615607
1781740800,1.003,1.009,0.94,0.973,1441949.70988434
1781827200,0.973,0.981,0.946,0.96,659565.82403172
1781913600,0.962,0.974,0.948,0.968,453180.72150125
1782000000,0.968,0.974,0.94,0.941,550194.25128873
1782086400,0.942,0.978,0.927,0.935,648742.64000907
1782172800,0.934,0.938,0.883,0.909,934454.7990095
1782259200,0.91,0.918,0.841,0.886,1306430.03811919
1782345600,0.886,0.897,0.817,0.843,1209639.41992887
1782432000,0.844,0.864,0.804,0.851,1385542.15008756
1782518400,0.852,0.859,0.807,0.814,869587.84658609
1782604800,0.815,0.82,0.796,0.809,784759.68794017
1782691200,0.808,0.839,0.806,0.824,750761.70436981
1782777600,0.824,0.827,0.801,0.821,533941.43763772
1782864000,0.821,0.849,0.806,0.827,1068955.68725004
1782950400,0.826,0.866,0.824,0.84,1120822.58324072
1783036800,0.841,0.892,0.836,0.88,1373581.22727184
1783123200,0.88,0.899,0.866,0.883,637033.4879823
1783209600,0.883,0.89,0.859,0.88,654880.53916767
1783296000,0.88,0.907,0.848,0.884,1088024.68516804
1783382400,0.885,0.886,0.845,0.85,790973.17375908
1783468800,0.851,0.856,0.815,0.826,1042990.52963837
1783555200,0.826,0.838,0.82,0.826,745586.92546565
1783641600,0.825,0.895,0.82,0.876,3041735.29140731
1783728000,0.877,0.886,0.85,0.853,1136988.81885034
1783814400,0.853,0.858,0.834,0.844,1081185.13617254
1783900800,0.846,0.859,0.824,0.836,832272.23794297
1783987200,0.837,0.859,0.828,0.851,2120480.12163058
1784073600,0.852,0.867,0.838,0.846,1102464.01999145
1784160000,0.847,0.872,0.828,0.858,1713478.33798969
1784246400,0.858,0.869,0.834,0.848,1655126.12167699
1784332800,0.847,0.852,0.83,0.838,759177.19349202
1784419200,0.839,0.841,0.808,0.819,1347962.94072828
1784505600,0.818,0.831,0.801,0.826,1257382.99855948
1784592000,0.826,0.868,0.825,0.846,2023934.69897672
1784678400,0.846,0.857,0.829,0.835,1207524.16084974
1784764800,0.835,0.842,0.805,0.815,972280.31419988
1784851200,0.816,0.819,0.787,0.808,1004851.44768505
1784937600,0.808,0.825,0.805,0.813,581173.69090559
1785024000,0.813,0.831,0.813,0.826,845579.52717374
1785110400,0.827,0.827,0.748,0.759,1753978.46397006
1785196800,0.759,0.771,0.748,0.76,2000377.93770612
1785283200,0.761,0.775,0.751,0.763,1428336.80811825
1785369600,0.764,0.778,0.76,0.767,1293199.64697153
1785456000,0.768,0.773,0.743,0.758,1128977.8007467
1785542400,0.759,0.784,0.757,0.78,1365088.8306481
1785628800,0.781,0.801,0.78,0.797,1344387.02604483
1785715200,0.797,0.831,0.787,0.823,2386935.34815483
1785801600,0.8235,0.8695,0.82,0.856,6337774.25198176
1785888000,0.856,0.8698,0.8371,0.8415,7464198.17751876
1785974400,0.8417,0.8464,0.8137,0.8203,6748015.81464142
1786060800,0.8202,0.8233,0.8009,0.8186,4632686.84420924
1786147200,0.8188,0.8268,0.8126,0.8149,1473666.57640048
1786233600,0.8145,0.8155,0.7963,0.7985,1312913.07579565
1786320000,0.7982,0.8202,0.7963,0.8048,4532683.23260698
1786406400,0.8047,0.8122,0.7771,0.7895,3619546.58998237
1786492800,0.7895,0.7976,0.7672,0.7735,2897629.57940635
1786579200,0.7734,0.7765,0.7638,0.7719,2102092.57746373
1786665600,0.7721,0.7736,0.7515,0.7644,2257026.10606879
1786752000,0.7642,0.7836,0.7579,0.7603,1246739.16795405
1786838400,0.76,0.768,0.7528,0.7576,1421064.96539278
1786924800,0.7577,0.7687,0.7536,0.761,1282134.7860837
1787011200,0.7612,0.7624,0.7238,0.7508,2656141.93918852
1787097600,0.7508,0.8074,0.7473,0.7886,6333285.73220263
1787184000,0.7886,0.8505,0.7798,0.848,7236042.55321847
1787270400,0.848,0.9532,0.8371,0.9397,9852440.34041008
1787356800,0.9398,1.0322,0.9001,0.9202,8306940.22253489
1787443200,0.9202,0.9368,0.8766,0.9283,2996073.91946538
1787529600,0.9283,0.9288,0.8894,0.8988,7640923.1442607
1787616000,0.899,0.924,0.8429,0.8514,6881721.52697636
1787702400,0.8513,0.8779,0.8302,0.8759,4967309.97976689
1787788800,0.8763,0.8961,0.8638,0.8819,5219410.28027151
1787875200,0.8821,0.8959,0.8363,0.8486,4944427.23876804
1787961600,0.8483,0.8538,0.831,0.8459,909537.29353847
1788048000,0.8456,0.8709,0.8072,0.8196,2666416.90262991
1788134400,0.8193,0.844,0.8122,0.8401,4092086.92514273
1788220800,0.8396,0.8812,0.8393,0.8713,6307432.93330303
1788307200,0.8713,0.893,0.8374,0.8672,3686736.94212008
1788393600,0.8671,0.9023,0.8537,0.8876,3005218.96656612
1788480000,0.8882,0.904,0.8416,0.9,2905467.06951074
1788566400,0.8996,0.9272,0.8841,0.9155,3399896.75402565
1788652800,0.916,0.992,0.9147,0.9786,4398811.90068492
1788739200,0.9786,1.108,0.9553,1.0625,11891120.03653476
1788825600,1.0624,1.2838,1.0461,1.2461,12425942.51405638
1788912000,1.2458,1.2589,1.0926,1.122,8071723.310908
1788998400,1.1222,1.1319,1.0726,1.0973,3799909.29255623
1789084800,1.0967,1.1627,1.03,1.0401,6930927.8218039
1789171200,1.0402,1.0595,1.0147,1.0195,2759624.85448617
1789257600,1.0191,1.0333,0.9957,0.9999,3038175.53627335
1789344000,0.9996,1.0378,0.9976,1.0037,2803881.58965271
1789430400,1.0036,1.0041,0.934,0.9424,2863108.57922092
1789516800,0.9428,1.0267,0.9355,1.0188,2785409.49865791
1789603200,1.0175,1.0952,1.0038,1.0786,6008002.64595989
1789689600,1.0786,1.1704,1.0765,1.134,6534503.29885056
1789776000,1.1337,1.1577,1.0966,1.124,2927233.61571219
1789862400,1.1244,1.1716,1.0683,1.1347,3773346.63085678
1789948800,1.1339,1.163,1.1266,1.1488,1504061.0823196
